date,temp_mean,temp_max,temp_min,precip
2014-01-01,24.7,29.8,20.3,0.0
2014-01-02,25.2,30.4,21.0,0.0
2014-01-03,24.8,30.3,20.6,0.0
2014-01-04,24.2,28.7,21.1,0.0
2014-01-05,23.2,28.1,19.4,0.0
2014-01-06,23.3,28.9,18.8,0.0
2014-01-07,24.2,30.3,18.6,0.0
2014-01-08,23.9,29.8,18.5,0.0
2014-01-09,23.1,27.9,19.1,0.0
2014-01-10,22.1,27.0,18.6,0.0
2014-01-11,20.9,25.5,17.1,0.0
2014-01-12,21.9,27.2,16.1,0.0
2014-01-13,22.5,27.6,17.5,0.0
2014-01-14,23.1,27.9,18.9,0.0
2014-01-15,23.5,28.7,19.7,0.0
2014-01-16,22.7,28.5,18.1,0.0
2014-01-17,21.3,25.7,16.4,0.0
2014-01-18,22.1,27.7,15.8,0.0
2014-01-19,22.7,28.0,18.5,0.0
2014-01-20,23.6,28.4,18.3,0.0
2014-01-21,23.7,26.6,21.0,0.4
2014-01-22,24.5,28.9,21.7,0.0
2014-01-23,24.5,29.2,21.2,0.0
2014-01-24,24.3,28.6,21.0,0.0
2014-01-25,24.9,30.4,21.2,0.0
2014-01-26,26.5,31.6,21.7,0.0
2014-01-27,26.8,32.1,23.0,0.0
2014-01-28,25.3,30.7,20.0,0.0
2014-01-29,24.6,30.5,19.1,0.0
2014-01-30,25.1,31.4,18.8,0.0
2014-01-31,25.7,31.7,19.9,0.0
2014-02-01,25.4,31.3,19.7,0.0
2014-02-02,25.8,31.4,20.4,0.0
2014-02-03,25.6,31.5,19.9,0.0
2014-02-04,25.8,31.6,20.5,0.0
2014-02-05,25.7,31.7,20.2,0.0
2014-02-06,24.3,29.9,19.1,0.0
2014-02-07,23.9,29.7,18.3,0.0
2014-02-08,23.4,28.9,18.9,0.0
2014-02-09,22.6,28.1,18.0,0.0
2014-02-10,22.6,28.0,17.3,0.0
2014-02-11,22.1,26.8,17.6,0.0
2014-02-12,22.6,27.2,16.9,0.0
2014-02-13,23.1,26.4,17.6,0.0
2014-02-14,22.8,26.1,19.6,0.2
2014-02-15,21.6,25.2,17.7,0.1
2014-02-16,22.3,26.6,17.5,0.0
2014-02-17,24.3,29.9,19.2,0.0
2014-02-18,25.3,31.6,19.8,0.0
2014-02-19,25.4,31.8,19.0,0.0
2014-02-20,24.8,29.9,20.9,0.0
2014-02-21,24.1,28.0,20.8,0.0
2014-02-22,23.6,27.7,20.3,0.0
2014-02-23,24.7,29.5,19.5,0.0
2014-02-24,25.4,30.6,19.9,0.0
2014-02-25,26.0,31.0,22.8,0.0
2014-02-26,25.3,29.4,22.2,0.0
2014-02-27,25.0,28.9,21.3,0.0
2014-02-28,23.5,27.7,18.7,0.0
2014-03-01,23.3,27.8,17.6,0.0
2014-03-02,24.9,30.4,20.3,0.0
2014-03-03,25.3,31.2,19.6,0.0
2014-03-04,24.5,29.5,19.1,0.0
2014-03-05,24.7,29.4,20.9,0.0
2014-03-06,24.8,28.7,21.6,0.0
2014-03-07,25.5,29.1,22.7,0.3
2014-03-08,25.7,29.7,23.0,0.0
2014-03-09,25.4,29.2,22.2,0.0
2014-03-10,25.2,29.4,20.9,0.0
2014-03-11,25.0,30.0,19.8,0.0
2014-03-12,27.4,32.8,21.4,0.6
2014-03-13,27.9,32.5,23.0,0.0
2014-03-14,28.0,33.2,22.5,0.0
2014-03-15,28.4,34.0,24.0,0.0
2014-03-16,29.3,34.4,24.1,0.0
2014-03-17,29.6,35.3,24.3,0.0
2014-03-18,28.6,34.1,24.0,0.0
2014-03-19,29.5,35.0,24.7,0.0
2014-03-20,28.5,34.2,23.0,0.0
2014-03-21,26.5,32.3,21.4,0.0
2014-03-22,24.9,29.9,20.9,0.0
2014-03-23,26.2,32.3,21.3,0.0
2014-03-24,26.5,31.5,22.2,0.0
2014-03-25,27.1,32.4,22.1,0.0
2014-03-26,28.0,33.2,23.1,0.0
2014-03-27,27.5,32.8,22.7,0.0
2014-03-28,27.5,32.6,22.4,0.0
2014-03-29,28.6,34.3,23.4,0.0
2014-03-30,29.9,36.0,24.8,0.0
2014-03-31,28.1,33.0,23.4,0.0
2014-04-01,27.1,32.9,22.6,0.0
2014-04-02,27.2,32.4,22.6,0.0
2014-04-03,28.0,33.7,23.3,0.0
2014-04-04,29.4,36.4,24.0,0.0
2014-04-05,28.4,33.4,24.7,0.0
2014-04-06,28.2,33.2,24.2,0.0
2014-04-07,28.3,32.1,24.5,0.0
2014-04-08,27.8,32.1,23.7,0.0
2014-04-09,27.3,31.2,24.1,0.0
2014-04-10,27.1,31.5,22.7,0.0
2014-04-11,26.6,32.2,22.0,0.0
2014-04-12,26.7,32.2,21.0,0.0
2014-04-13,26.8,31.4,21.7,0.0
2014-04-14,26.5,31.2,22.2,0.0
2014-04-15,26.8,30.6,22.4,0.0
2014-04-16,27.3,31.3,24.4,0.0
2014-04-17,27.4,30.7,24.8,0.0
2014-04-18,27.6,31.1,24.6,0.0
2014-04-19,27.3,31.8,23.7,0.0
2014-04-20,28.3,32.7,23.8,0.0
2014-04-21,29.8,35.2,25.8,0.0
2014-04-22,30.9,35.6,26.1,0.0
2014-04-23,31.6,36.8,26.7,0.0
2014-04-24,30.5,35.6,26.4,0.0
2014-04-25,29.2,33.3,24.7,0.0
2014-04-26,29.5,34.7,25.0,0.0
2014-04-27,29.0,33.5,25.5,0.0
2014-04-28,29.0,32.7,25.6,0.0
2014-04-29,29.2,32.9,25.9,0.0
2014-04-30,29.0,33.0,25.6,0.0
2014-05-01,28.9,33.3,25.9,0.0
2014-05-02,28.7,32.3,24.7,0.0
2014-05-03,28.5,33.1,25.0,0.0
2014-05-04,28.3,33.1,24.5,0.0
2014-05-05,28.6,33.3,25.0,0.0
2014-05-06,29.7,34.2,25.4,0.0
2014-05-07,30.7,34.6,26.3,0.0
2014-05-08,30.4,34.4,27.5,0.0
2014-05-09,30.0,33.7,26.8,0.0
2014-05-10,28.9,32.2,25.8,0.0
2014-05-11,28.8,32.3,25.6,0.0
2014-05-12,29.0,32.6,26.3,0.0
2014-05-13,29.2,32.8,26.5,0.0
2014-05-14,29.1,32.6,26.1,0.4
2014-05-15,29.3,33.1,26.4,0.0
2014-05-16,29.0,32.5,26.5,0.0
2014-05-17,29.5,33.5,26.1,0.4
2014-05-18,30.2,33.9,27.2,0.0
2014-05-19,31.6,35.5,28.4,0.0
2014-05-20,30.8,35.1,27.1,0.0
2014-05-21,30.1,33.7,27.1,0.0
2014-05-22,29.4,32.6,26.2,0.0
2014-05-23,29.4,32.9,26.3,0.0
2014-05-24,29.3,33.2,26.4,0.0
2014-05-25,29.4,32.6,26.5,0.0
2014-05-26,29.7,33.0,26.9,0.0
2014-05-27,30.0,33.2,27.4,0.0
2014-05-28,30.1,33.2,27.6,0.0
2014-05-29,30.1,33.0,28.1,0.0
2014-05-30,29.8,32.7,27.2,0.0
2014-05-31,29.7,32.8,26.9,0.0
2014-06-01,30.0,33.1,27.6,0.0
2014-06-02,30.4,34.0,28.2,0.0
2014-06-03,30.3,33.2,28.6,0.0
2014-06-04,30.4,33.1,28.6,0.0
2014-06-05,30.6,33.5,28.8,0.0
2014-06-06,30.4,33.2,28.5,0.0
2014-06-07,30.3,33.1,28.4,0.0
2014-06-08,30.7,33.0,28.6,0.0
2014-06-09,30.5,33.0,28.9,0.2
2014-06-10,30.7,34.9,28.8,1.4
2014-06-11,29.9,33.5,27.3,1.9
2014-06-12,29.0,31.9,26.7,1.9
2014-06-13,28.3,31.3,26.2,5.4
2014-06-14,27.8,29.9,26.2,7.7
2014-06-15,27.1,29.3,25.8,10.2
2014-06-16,27.4,29.6,26.0,9.8
2014-06-17,27.9,30.2,26.3,4.2
2014-06-18,27.6,29.4,26.2,7.7
2014-06-19,28.2,29.8,26.3,7.8
2014-06-20,28.7,30.3,27.7,7.3
2014-06-21,28.6,30.1,27.3,6.2
2014-06-22,28.4,29.9,27.6,5.2
2014-06-23,28.4,30.0,27.3,5.6
2014-06-24,28.5,30.1,27.4,3.2
2014-06-25,28.4,30.1,27.3,3.7
2014-06-26,28.5,30.5,27.0,1.2
2014-06-27,28.5,30.4,26.6,1.6
2014-06-28,28.5,30.2,26.5,0.9
2014-06-29,28.8,31.1,27.0,2.2
2014-06-30,28.4,30.4,26.8,2.8
2014-07-01,28.3,29.7,26.8,4.5
2014-07-02,27.0,29.0,25.6,7.3
2014-07-03,26.6,28.2,25.3,6.3
2014-07-04,27.2,28.3,26.2,4.9
2014-07-05,27.9,29.7,26.3,4.6
2014-07-06,27.6,29.5,26.1,5.9
2014-07-07,27.4,29.5,25.8,5.9
2014-07-08,26.9,29.1,25.8,6.7
2014-07-09,26.4,27.6,25.6,14.8
2014-07-10,26.0,27.4,25.5,56.4
2014-07-11,26.2,27.4,25.6,62.1
2014-07-12,25.9,26.8,25.4,28.5
2014-07-13,26.4,27.8,25.6,14.3
2014-07-14,26.6,27.9,25.7,36.5
2014-07-15,26.2,26.7,25.7,70.2
2014-07-16,26.1,26.6,25.8,37.4
2014-07-17,26.8,28.2,26.0,25.2
2014-07-18,26.8,28.0,26.2,14.8
2014-07-19,26.8,28.0,25.6,10.2
2014-07-20,26.3,28.0,24.7,10.5
2014-07-21,25.5,26.5,24.8,8.4
2014-07-22,25.4,26.4,24.8,17.8
2014-07-23,26.0,26.5,25.0,37.1
2014-07-24,26.3,27.9,24.9,10.5
2014-07-25,26.1,28.1,24.9,8.9
2014-07-26,26.4,28.2,25.0,7.5
2014-07-27,26.1,27.1,25.1,34.3
2014-07-28,25.9,26.8,25.5,48.0
2014-07-29,25.8,26.1,25.6,116.4
2014-07-30,26.0,26.9,25.5,42.4
2014-07-31,26.0,26.8,25.6,98.6
2014-08-01,26.3,27.6,25.5,19.9
2014-08-02,26.4,28.0,25.6,18.3
2014-08-03,26.4,27.6,25.7,37.8
2014-08-04,26.1,27.5,25.2,35.1
2014-08-05,25.7,27.2,24.9,20.2
2014-08-06,25.5,26.7,24.8,18.3
2014-08-07,25.4,26.7,24.5,18.3
2014-08-08,25.4,27.1,24.5,9.3
2014-08-09,25.8,27.4,24.6,9.6
2014-08-10,25.8,27.7,24.6,8.8
2014-08-11,25.7,27.5,24.6,9.1
2014-08-12,25.9,27.5,24.8,10.7
2014-08-13,26.4,27.9,24.9,8.9
2014-08-14,26.3,27.6,25.1,10.7
2014-08-15,25.8,27.3,24.8,12.6
2014-08-16,25.9,27.6,24.7,6.2
2014-08-17,26.2,27.7,24.6,4.1
2014-08-18,26.6,28.4,24.6,0.3
2014-08-19,27.2,29.1,25.5,1.9
2014-08-20,27.3,29.3,26.2,6.4
2014-08-21,27.3,29.2,26.1,5.8
2014-08-22,26.6,28.3,25.4,11.6
2014-08-23,27.8,30.5,25.7,0.1
2014-08-24,27.3,29.8,25.7,15.5
2014-08-25,26.7,27.9,25.5,24.4
2014-08-26,25.8,26.4,25.2,35.1
2014-08-27,25.6,26.7,24.8,40.9
2014-08-28,25.9,28.1,24.8,19.7
2014-08-29,26.9,29.6,24.9,12.3
2014-08-30,26.5,28.1,25.6,38.8
2014-08-31,25.7,26.2,25.5,111.8
2014-09-01,25.6,26.2,25.1,99.4
2014-09-02,25.7,26.8,25.1,31.2
2014-09-03,26.1,27.6,25.3,18.6
2014-09-04,26.1,27.6,25.4,26.5
2014-09-05,25.9,27.3,25.2,31.8
2014-09-06,26.9,28.4,25.5,4.8
2014-09-07,26.8,28.1,25.7,4.5
2014-09-08,25.7,26.5,24.7,13.2
2014-09-09,25.4,26.5,24.8,7.8
2014-09-10,25.4,26.3,24.6,8.5
2014-09-11,25.6,27.3,24.4,3.5
2014-09-12,25.8,27.5,24.7,6.1
2014-09-13,26.0,27.7,24.6,5.0
2014-09-14,26.2,28.1,24.6,0.9
2014-09-15,26.5,28.6,24.7,1.1
2014-09-16,26.3,28.6,23.8,2.6
2014-09-17,26.6,28.7,23.9,0.8
2014-09-18,27.2,29.3,25.5,0.7
2014-09-19,27.0,28.5,25.5,2.6
2014-09-20,26.8,28.4,25.2,1.4
2014-09-21,26.8,28.9,24.6,1.3
2014-09-22,27.2,29.2,24.7,0.1
2014-09-23,27.3,29.7,24.2,0.0
2014-09-24,27.7,29.9,25.2,0.0
2014-09-25,28.0,30.9,25.8,3.3
2014-09-26,28.5,31.4,26.1,0.2
2014-09-27,29.2,32.7,26.7,0.0
2014-09-28,29.7,33.9,26.0,0.0
2014-09-29,29.5,33.3,25.6,0.0
2014-09-30,29.1,32.9,26.7,0.4
2014-10-01,28.8,32.0,26.6,0.3
2014-10-02,29.7,33.3,26.5,0.0
2014-10-03,29.8,33.3,27.4,0.0
2014-10-04,29.3,32.0,27.2,1.5
2014-10-05,29.4,32.7,26.4,0.5
2014-10-06,29.5,33.2,27.1,0.0
2014-10-07,28.5,31.9,25.2,6.2
2014-10-08,27.5,30.8,25.3,1.2
2014-10-09,28.2,31.0,25.2,0.4
2014-10-10,28.9,32.1,25.9,1.2
2014-10-11,29.1,32.9,25.1,0.1
2014-10-12,29.0,32.9,24.2,0.0
2014-10-13,28.2,31.7,24.7,0.0
2014-10-14,27.7,30.8,24.7,0.0
2014-10-15,29.0,33.0,24.3,0.0
2014-10-16,30.3,34.0,26.9,0.2
2014-10-17,29.8,33.7,26.3,0.0
2014-10-18,29.6,33.4,25.6,0.0
2014-10-19,29.7,33.3,26.3,0.0
2014-10-20,30.4,34.2,26.8,0.0
2014-10-21,30.3,34.4,26.6,0.0
2014-10-22,30.8,34.6,26.3,0.0
2014-10-23,30.1,34.0,26.8,0.0
2014-10-24,29.6,32.5,25.8,0.1
2014-10-25,26.7,27.8,25.1,0.4
2014-10-26,27.0,29.7,25.4,0.2
2014-10-27,26.2,28.2,23.7,0.0
2014-10-28,27.2,31.8,23.4,0.0
2014-10-29,27.5,32.6,22.8,0.0
2014-10-30,27.4,32.9,22.3,0.0
2014-10-31,27.5,32.3,22.4,0.0
2014-11-01,27.8,32.9,22.7,0.0
2014-11-02,28.1,32.8,23.2,0.0
2014-11-03,28.7,34.4,23.6,0.0
2014-11-04,28.2,33.9,22.9,0.0
2014-11-05,28.2,33.5,23.6,0.0
2014-11-06,27.7,32.8,24.0,0.0
2014-11-07,28.4,33.2,23.9,0.0
2014-11-08,28.6,33.5,24.3,0.0
2014-11-09,28.4,33.7,23.6,0.0
2014-11-10,28.9,34.0,23.9,0.0
2014-11-11,28.7,32.0,24.2,0.8
2014-11-12,29.0,32.7,25.7,0.0
2014-11-13,28.9,33.7,25.4,3.2
2014-11-14,29.1,31.7,26.4,0.0
2014-11-15,27.5,30.2,25.7,2.1
2014-11-16,27.6,30.7,25.5,0.0
2014-11-17,28.5,32.3,25.7,0.0
2014-11-18,29.0,33.1,25.5,0.0
2014-11-19,29.1,32.9,25.4,0.0
2014-11-20,29.0,33.6,24.8,0.0
2014-11-21,28.1,32.9,23.2,0.0
2014-11-22,27.4,32.6,22.3,0.0
2014-11-23,27.7,32.3,22.9,0.0
2014-11-24,28.3,33.4,23.1,0.0
2014-11-25,27.8,33.2,22.5,0.0
2014-11-26,27.1,32.7,21.5,0.0
2014-11-27,26.8,32.5,20.6,0.0
2014-11-28,26.8,32.5,20.8,0.0
2014-11-29,26.5,32.2,21.0,0.0
2014-11-30,27.1,33.0,21.3,0.0
2014-12-01,27.0,31.7,22.1,0.0
2014-12-02,27.5,33.1,22.7,0.0
2014-12-03,27.2,32.7,22.2,0.0
2014-12-04,27.1,32.5,22.1,0.0
2014-12-05,26.9,33.0,21.3,0.0
2014-12-06,26.6,33.0,21.0,0.0
2014-12-07,26.5,32.5,20.9,0.0
2014-12-08,26.1,32.5,19.5,0.0
2014-12-09,26.6,32.2,20.7,0.0
2014-12-10,27.0,32.2,22.6,0.0
2014-12-11,26.9,31.5,23.1,0.0
2014-12-12,25.8,29.9,22.8,9.6
2014-12-13,24.8,27.6,22.1,1.2
2014-12-14,23.8,28.7,20.1,0.0
2014-12-15,23.8,29.2,19.4,0.0
2014-12-16,25.0,30.8,19.8,0.0
2014-12-17,24.4,29.9,19.8,0.0
2014-12-18,23.8,29.4,18.8,0.0
2014-12-19,25.2,31.3,20.2,0.0
2014-12-20,25.0,30.7,20.1,0.0
2014-12-21,24.5,30.4,18.8,0.0
2014-12-22,24.0,30.3,17.7,0.0
2014-12-23,23.6,29.6,17.3,0.0
2014-12-24,24.1,30.0,19.0,0.0
2014-12-25,24.8,30.5,19.0,0.0
2014-12-26,25.1,30.7,20.2,0.0
2014-12-27,24.3,30.0,19.5,0.0
2014-12-28,23.8,29.6,18.5,0.0
2014-12-29,23.6,29.8,17.8,0.0
2014-12-30,23.0,27.4,18.2,0.0
2014-12-31,22.9,26.4,19.2,0.0
2015-01-01,22.5,26.2,19.3,0.0
2015-01-02,22.3,26.3,18.4,0.0
2015-01-03,23.2,27.6,19.0,0.0
2015-01-04,25.1,30.3,20.1,0.0
2015-01-05,24.9,30.4,20.9,0.0
2015-01-06,24.1,29.7,18.9,0.0
2015-01-07,23.1,28.8,17.7,0.0
2015-01-08,24.0,30.0,18.4,0.0
2015-01-09,24.7,30.7,19.0,0.0
2015-01-10,24.0,30.4,18.0,0.0
2015-01-11,23.8,30.2,17.2,0.0
2015-01-12,23.5,29.8,17.9,0.0
2015-01-13,22.7,28.7,15.6,0.0
2015-01-14,23.0,29.0,16.9,0.0
2015-01-15,23.5,29.6,17.7,0.0
2015-01-16,23.8,29.9,18.0,0.0
2015-01-17,24.4,30.5,18.4,0.0
2015-01-18,24.1,29.8,18.7,0.0
2015-01-19,23.2,28.3,18.6,0.0
2015-01-20,22.5,27.6,17.6,0.0
2015-01-21,23.1,28.1,18.1,0.0
2015-01-22,23.0,26.4,19.7,0.0
2015-01-23,23.9,28.0,20.3,0.0
2015-01-24,24.3,29.0,20.2,0.0
2015-01-25,24.1,29.0,20.1,0.0
2015-01-26,23.5,28.3,20.2,0.0
2015-01-27,23.2,27.6,19.8,0.0
2015-01-28,23.9,28.9,20.1,0.0
2015-01-29,24.3,29.0,20.0,0.0
2015-01-30,25.8,31.2,21.3,0.0
2015-01-31,25.4,31.6,20.2,0.0
2015-02-01,24.0,30.7,18.8,0.0
2015-02-02,23.6,29.3,18.4,0.0
2015-02-03,25.5,31.2,18.8,0.0
2015-02-04,26.0,31.1,20.4,0.0
2015-02-05,25.1,31.2,18.9,0.0
2015-02-06,24.3,29.6,19.6,0.0
2015-02-07,23.5,28.8,19.3,0.0
2015-02-08,23.7,28.4,18.6,0.0
2015-02-09,24.9,30.8,20.3,0.0
2015-02-10,24.8,30.3,19.4,0.0
2015-02-11,24.5,30.0,19.9,0.0
2015-02-12,24.5,30.7,19.5,0.0
2015-02-13,24.4,31.1,19.0,0.0
2015-02-14,24.4,30.9,19.2,0.0
2015-02-15,24.4,30.8,18.5,0.0
2015-02-16,24.6,31.0,18.8,0.0
2015-02-17,24.8,31.9,19.4,0.0
2015-02-18,24.1,29.9,19.6,0.0
2015-02-19,24.6,30.4,19.6,0.0
2015-02-20,25.0,30.8,18.9,0.0
2015-02-21,27.3,34.2,21.1,0.0
2015-02-22,27.4,34.2,20.5,0.0
2015-02-23,26.6,32.1,22.5,0.0
2015-02-24,25.8,31.3,21.6,0.0
2015-02-25,25.4,30.6,21.3,0.0
2015-02-26,24.1,28.9,19.6,0.0
2015-02-27,23.9,28.5,19.3,0.0
2015-02-28,22.4,26.8,19.7,9.4
2015-03-01,22.7,24.9,20.2,8.5
2015-03-02,22.7,25.6,18.3,0.0
2015-03-03,21.9,25.9,18.2,0.0
2015-03-04,22.6,27.3,18.3,0.0
2015-03-05,23.8,29.6,18.1,0.0
2015-03-06,26.1,32.3,20.3,0.0
2015-03-07,25.5,31.9,19.9,0.0
2015-03-08,25.5,31.0,20.2,0.0
2015-03-09,27.1,32.7,21.7,0.0
2015-03-10,26.4,32.0,21.9,0.0
2015-03-11,27.6,33.1,22.6,0.0
2015-03-12,28.7,35.1,24.2,0.0
2015-03-13,28.3,34.0,23.8,0.3
2015-03-14,26.7,31.3,23.1,0.0
2015-03-15,25.9,29.5,23.3,0.0
2015-03-16,25.2,29.5,21.5,0.0
2015-03-17,26.7,32.5,21.1,0.0
2015-03-18,27.6,33.9,21.7,0.0
2015-03-19,27.9,34.2,20.8,0.0
2015-03-20,28.2,34.0,23.1,0.0
2015-03-21,28.2,33.6,24.0,0.0
2015-03-22,28.3,33.2,24.6,0.0
2015-03-23,28.6,33.1,25.2,0.0
2015-03-24,29.1,34.3,25.3,0.0
2015-03-25,30.2,37.0,24.8,0.0
2015-03-26,28.3,32.3,25.5,0.0
2015-03-27,28.1,31.9,24.8,0.0
2015-03-28,28.2,32.4,25.1,0.0
2015-03-29,28.7,33.6,25.0,0.0
2015-03-30,29.0,34.2,23.9,0.0
2015-03-31,28.2,34.2,22.5,0.0
2015-04-01,26.8,32.6,21.7,0.0
2015-04-02,27.3,32.6,21.6,0.0
2015-04-03,27.0,31.4,22.1,0.0
2015-04-04,26.9,31.6,22.2,0.0
2015-04-05,26.8,31.0,23.0,0.0
2015-04-06,26.3,31.1,23.5,0.0
2015-04-07,26.3,31.1,22.4,0.0
2015-04-08,27.1,31.0,23.4,0.0
2015-04-09,27.7,31.6,25.3,0.0
2015-04-10,27.5,30.9,24.8,0.0
2015-04-11,27.3,30.8,24.3,0.0
2015-04-12,27.0,30.7,24.4,0.0
2015-04-13,27.2,30.4,25.2,0.0
2015-04-14,27.0,30.5,23.8,1.1
2015-04-15,27.8,31.6,23.5,0.0
2015-04-16,29.4,33.4,24.9,0.0
2015-04-17,29.2,33.6,25.3,0.0
2015-04-18,29.2,32.8,25.1,0.0
2015-04-19,29.7,34.6,25.0,0.0
2015-04-20,29.4,33.1,25.7,0.0
2015-04-21,29.5,33.2,27.0,0.0
2015-04-22,29.3,32.1,27.2,0.0
2015-04-23,28.9,32.1,26.5,0.0
2015-04-24,28.6,32.3,25.6,0.0
2015-04-25,28.3,32.0,25.4,0.0
2015-04-26,28.2,31.7,24.6,0.0
2015-04-27,28.8,32.8,26.0,0.0
2015-04-28,28.9,32.4,25.5,0.0
2015-04-29,28.8,32.6,25.3,0.0
2015-04-30,28.7,32.3,25.1,0.0
2015-05-01,28.7,32.5,25.4,0.0
2015-05-02,28.5,32.3,24.5,0.0
2015-05-03,28.6,32.4,25.0,0.0
2015-05-04,29.2,33.2,25.4,0.0
2015-05-05,29.9,33.3,25.3,0.0
2015-05-06,30.2,34.2,26.9,0.0
2015-05-07,29.9,33.6,26.6,0.0
2015-05-08,30.2,33.8,27.6,0.0
2015-05-09,30.6,34.8,27.7,0.0
2015-05-10,30.1,34.4,26.4,0.0
2015-05-11,29.8,33.8,25.9,0.0
2015-05-12,29.6,33.1,26.9,0.0
2015-05-13,29.5,32.7,27.0,0.0
2015-05-14,30.1,34.0,27.7,0.3
2015-05-15,30.6,35.0,27.5,0.0
2015-05-16,30.5,34.1,27.9,0.0
2015-05-17,30.1,33.8,27.1,0.0
2015-05-18,29.9,33.7,26.9,0.0
2015-05-19,29.8,33.0,27.1,0.0
2015-05-20,29.8,33.0,27.1,0.0
2015-05-21,30.1,32.8,27.9,0.0
2015-05-22,30.3,33.1,28.1,0.0
2015-05-23,30.7,33.4,28.8,0.0
2015-05-24,30.6,33.0,28.8,0.0
2015-05-25,30.2,32.9,28.5,0.1
2015-05-26,30.2,33.1,28.1,0.0
2015-05-27,30.5,33.2,27.9,0.0
2015-05-28,30.5,33.6,28.0,0.0
2015-05-29,30.5,33.9,27.7,0.0
2015-05-30,30.5,33.6,28.1,0.0
2015-05-31,30.1,33.1,28.0,0.0
2015-06-01,29.9,32.3,27.9,0.0
2015-06-02,30.3,33.0,28.3,0.0
2015-06-03,30.3,33.4,27.7,0.0
2015-06-04,30.1,34.3,27.5,0.0
2015-06-05,30.0,34.2,26.9,2.8
2015-06-06,30.3,33.4,27.7,1.8
2015-06-07,30.0,33.4,28.0,1.2
2015-06-08,29.4,32.3,27.0,5.3
2015-06-09,28.8,32.4,26.1,8.4
2015-06-10,28.2,30.6,26.4,6.8
2015-06-11,28.0,30.0,26.3,10.7
2015-06-12,27.7,29.9,26.3,14.9
2015-06-13,26.5,27.2,25.8,43.1
2015-06-14,26.2,26.8,25.8,107.3
2015-06-15,26.0,26.8,25.5,38.0
2015-06-16,26.2,26.8,25.7,31.7
2015-06-17,26.9,28.8,26.0,16.1
2015-06-18,27.1,28.6,25.8,27.1
2015-06-19,26.4,27.3,25.8,53.4
2015-06-20,26.8,27.9,26.3,60.0
2015-06-21,26.8,28.1,26.2,63.9
2015-06-22,26.7,27.4,25.7,20.4
2015-06-23,27.2,28.1,26.4,69.5
2015-06-24,27.7,28.7,26.9,41.8
2015-06-25,27.9,29.2,27.1,6.6
2015-06-26,27.8,29.1,26.7,5.0
2015-06-27,27.9,29.5,26.4,6.1
2015-06-28,27.9,29.6,26.8,4.9
2015-06-29,27.4,29.1,25.4,5.5
2015-06-30,27.2,29.0,25.4,2.8
2015-07-01,27.6,29.4,26.3,4.2
2015-07-02,27.7,29.5,26.5,1.8
2015-07-03,27.7,29.4,26.4,3.6
2015-07-04,27.8,29.3,27.0,4.7
2015-07-05,28.0,29.4,27.0,3.6
2015-07-06,28.0,29.2,27.2,6.3
2015-07-07,27.8,28.8,27.0,7.3
2015-07-08,27.7,29.3,26.5,5.0
2015-07-09,27.5,28.9,26.3,2.7
2015-07-10,27.2,28.3,26.0,4.8
2015-07-11,27.4,28.8,26.2,5.1
2015-07-12,27.2,28.5,25.7,4.6
2015-07-13,27.4,29.1,25.7,2.4
2015-07-14,27.6,29.4,25.8,2.7
2015-07-15,27.5,29.4,26.0,4.6
2015-07-16,27.5,28.6,26.5,5.2
2015-07-17,27.6,28.6,26.4,6.0
2015-07-18,27.7,29.4,26.2,8.2
2015-07-19,27.1,29.0,25.8,11.6
2015-07-20,26.6,27.4,25.9,15.7
2015-07-21,26.4,27.8,25.6,20.2
2015-07-22,26.4,27.6,25.6,20.9
2015-07-23,26.5,27.9,25.7,17.1
2015-07-24,26.7,28.0,25.8,14.5
2015-07-25,26.8,28.7,25.5,5.8
2015-07-26,26.6,27.5,25.8,9.6
2015-07-27,26.3,26.9,25.8,17.7
2015-07-28,26.6,28.1,25.6,15.7
2015-07-29,26.0,26.9,25.6,17.7
2015-07-30,26.6,27.8,25.6,8.3
2015-07-31,26.4,27.8,25.4,8.1
2015-08-01,27.0,28.1,25.6,4.6
2015-08-02,27.0,28.5,26.1,3.7
2015-08-03,27.0,28.3,26.2,3.4
2015-08-04,26.6,27.8,25.1,5.7
2015-08-05,26.0,26.8,25.3,12.0
2015-08-06,26.3,27.0,25.5,7.1
2015-08-07,26.9,28.6,25.6,6.9
2015-08-08,26.9,28.6,25.6,4.9
2015-08-09,26.2,27.6,25.2,6.6
2015-08-10,26.6,27.9,25.4,3.1
2015-08-11,26.6,28.2,25.3,3.1
2015-08-12,26.3,27.6,25.4,5.8
2015-08-13,26.2,27.2,25.3,7.1
2015-08-14,25.9,27.3,25.0,6.6
2015-08-15,26.3,28.0,25.0,6.4
2015-08-16,26.3,28.2,25.0,5.3
2015-08-17,26.5,28.1,25.1,4.3
2015-08-18,27.1,29.0,25.3,1.4
2015-08-19,27.3,29.5,25.2,1.1
2015-08-20,27.4,29.1,25.3,2.6
2015-08-21,27.5,29.2,26.1,3.5
2015-08-22,27.1,28.2,26.1,5.8
2015-08-23,27.0,28.3,25.8,6.2
2015-08-24,27.0,29.2,25.6,3.7
2015-08-25,26.1,26.7,25.4,7.5
2015-08-26,27.1,28.9,25.9,3.4
2015-08-27,26.8,29.0,25.4,4.4
2015-08-28,26.5,28.0,25.1,3.3
2015-08-29,26.3,28.2,25.0,5.4
2015-08-30,26.1,27.9,25.0,6.2
2015-08-31,26.1,27.6,24.7,3.1
2015-09-01,26.4,28.3,24.7,3.0
2015-09-02,26.1,28.1,24.1,1.7
2015-09-03,26.6,29.0,24.1,0.1
2015-09-04,27.2,29.9,24.6,0.0
2015-09-05,27.4,30.1,24.1,0.0
2015-09-06,27.1,29.5,24.5,0.1
2015-09-07,26.9,29.2,25.1,0.5
2015-09-08,27.3,29.3,24.8,1.2
2015-09-09,26.8,28.5,25.3,10.1
2015-09-10,27.1,28.8,25.2,9.2
2015-09-11,27.3,30.1,25.5,10.9
2015-09-12,26.6,28.9,25.2,14.3
2015-09-13,26.7,29.0,25.6,13.4
2015-09-14,26.4,27.6,25.4,20.2
2015-09-15,26.6,28.7,25.4,19.9
2015-09-16,27.1,28.8,25.5,7.4
2015-09-17,27.8,28.8,26.4,5.8
2015-09-18,27.3,28.0,26.7,22.0
2015-09-19,27.3,29.3,25.8,6.3
2015-09-20,26.4,27.3,25.4,7.2
2015-09-21,26.1,27.3,25.1,4.4
2015-09-22,26.6,28.8,25.1,1.7
2015-09-23,26.6,28.8,24.6,0.3
2015-09-24,27.0,29.3,24.2,0.0
2015-09-25,26.8,29.1,25.0,0.5
2015-09-26,26.1,29.3,22.6,0.0
2015-09-27,26.7,29.9,22.8,0.0
2015-09-28,27.7,31.2,24.5,0.0
2015-09-29,29.4,33.0,25.5,0.0
2015-09-30,30.0,33.8,26.6,0.0
2015-10-01,29.5,33.4,26.1,0.0
2015-10-02,27.9,30.7,26.4,4.6
2015-10-03,27.0,28.8,25.9,11.2
2015-10-04,26.9,29.0,25.4,20.0
2015-10-05,27.9,31.2,25.6,11.2
2015-10-06,28.7,32.6,25.1,0.0
2015-10-07,28.6,31.7,24.9,0.0
2015-10-08,28.9,31.4,26.5,0.0
2015-10-09,28.6,30.7,27.3,0.6
2015-10-10,28.5,30.8,26.7,1.0
2015-10-11,27.6,30.6,25.4,6.0
2015-10-12,27.8,30.4,25.3,0.0
2015-10-13,28.4,31.0,25.3,0.3
2015-10-14,29.4,33.0,26.2,0.0
2015-10-15,29.5,34.2,25.1,0.0
2015-10-16,29.2,34.1,24.1,0.0
2015-10-17,29.7,33.5,25.3,0.0
2015-10-18,29.2,32.6,26.0,0.2
2015-10-19,29.8,33.8,26.4,0.0
2015-10-20,29.3,33.3,26.0,0.0
2015-10-21,29.7,33.6,25.5,0.0
2015-10-22,30.3,34.2,27.2,0.0
2015-10-23,29.7,33.9,26.3,0.2
2015-10-24,30.0,33.6,26.6,0.0
2015-10-25,29.9,33.2,27.6,0.0
2015-10-26,29.8,33.5,26.8,0.0
2015-10-27,28.7,32.5,25.7,0.0
2015-10-28,29.0,33.0,24.8,0.0
2015-10-29,28.5,32.6,25.2,0.0
2015-10-30,27.9,32.5,23.8,0.0
2015-10-31,28.3,33.2,23.9,0.0
2015-11-01,28.8,33.1,24.9,0.0
2015-11-02,28.9,33.7,25.0,0.0
2015-11-03,28.1,32.3,23.8,0.0
2015-11-04,28.2,32.5,23.9,0.0
2015-11-05,28.0,31.8,24.2,0.0
2015-11-06,29.0,33.5,24.3,0.0
2015-11-07,29.6,34.0,25.9,0.0
2015-11-08,28.9,33.4,25.1,0.0
2015-11-09,28.5,33.4,24.2,0.0
2015-11-10,28.3,33.2,24.4,0.0
2015-11-11,28.6,33.6,24.2,0.0
2015-11-12,28.5,34.2,23.4,0.0
2015-11-13,28.3,33.6,23.2,0.0
2015-11-14,28.2,33.5,23.7,0.0
2015-11-15,28.4,33.6,23.2,0.0
2015-11-16,28.5,33.3,24.2,0.0
2015-11-17,28.2,33.0,23.8,0.0
2015-11-18,28.0,33.3,23.5,0.0
2015-11-19,27.3,32.7,23.1,0.0
2015-11-20,28.3,33.3,23.4,0.0
2015-11-21,27.9,32.0,24.7,6.5
2015-11-22,27.1,30.6,24.7,2.8
2015-11-23,27.7,31.2,25.2,3.3
2015-11-24,28.0,31.3,25.5,0.4
2015-11-25,28.0,31.3,25.3,1.0
2015-11-26,28.6,32.4,25.8,0.0
2015-11-27,27.8,31.6,24.4,0.0
2015-11-28,26.6,30.4,23.7,0.0
2015-11-29,27.3,31.9,24.0,0.0
2015-11-30,27.3,32.0,23.5,0.0
2015-12-01,27.8,32.5,23.1,0.0
2015-12-02,28.1,32.5,24.8,0.0
2015-12-03,27.7,32.2,24.5,0.0
2015-12-04,27.7,32.8,23.6,0.0
2015-12-05,27.5,32.5,22.7,0.0
2015-12-06,27.4,32.7,23.0,0.0
2015-12-07,27.2,32.4,22.6,0.0
2015-12-08,26.9,32.5,21.9,0.0
2015-12-09,25.9,31.5,20.9,0.0
2015-12-10,25.7,30.6,21.2,0.0
2015-12-11,25.5,29.1,21.5,0.0
2015-12-12,25.6,29.7,22.4,0.0
2015-12-13,25.8,30.0,22.3,0.0
2015-12-14,26.2,30.4,22.6,0.0
2015-12-15,26.3,31.3,22.3,0.0
2015-12-16,25.3,30.0,22.2,0.0
2015-12-17,25.3,30.2,21.7,0.0
2015-12-18,25.1,30.7,20.3,0.0
2015-12-19,25.0,30.5,19.8,0.0
2015-12-20,25.2,29.8,20.2,0.0
2015-12-21,24.6,29.8,19.7,0.0
2015-12-22,23.0,27.9,18.4,0.0
2015-12-23,23.2,28.4,19.1,0.0
2015-12-24,24.0,29.8,19.2,0.0
2015-12-25,24.1,30.2,19.0,0.0
2015-12-26,23.2,29.3,18.2,0.0
2015-12-27,23.4,29.8,17.6,0.0
2015-12-28,24.6,31.3,18.8,0.0
2015-12-29,25.6,32.6,19.3,0.0
2015-12-30,25.5,32.7,18.8,0.0
2015-12-31,26.0,33.5,19.2,0.0
2016-01-01,26.0,32.9,19.8,0.0
2016-01-02,24.3,31.5,18.4,0.0
2016-01-03,24.1,30.8,17.9,0.0
2016-01-04,24.7,31.5,18.4,0.0
2016-01-05,25.1,31.1,18.6,0.0
2016-01-06,24.8,30.7,19.0,0.0
2016-01-07,24.6,30.1,20.0,0.0
2016-01-08,25.3,30.7,20.5,0.0
2016-01-09,25.2,30.8,20.4,0.0
2016-01-10,24.9,30.8,19.0,0.0
2016-01-11,24.4,30.8,19.3,0.0
2016-01-12,23.3,28.4,19.6,0.0
2016-01-13,23.3,28.4,18.6,0.0
2016-01-14,22.6,26.9,19.1,0.0
2016-01-15,22.7,26.9,18.1,0.0
2016-01-16,22.6,26.6,18.5,0.0
2016-01-17,22.0,26.6,17.6,0.0
2016-01-18,22.5,26.6,17.6,0.0
2016-01-19,22.4,27.1,17.5,0.0
2016-01-20,22.7,27.7,17.7,0.0
2016-01-21,23.6,29.3,18.7,0.0
2016-01-22,23.9,29.9,19.1,0.0
2016-01-23,25.1,31.3,19.3,0.0
2016-01-24,24.4,30.5,18.7,0.0
2016-01-25,22.7,29.1,16.7,0.0
2016-01-26,21.8,28.2,16.6,0.0
2016-01-27,22.2,28.0,16.0,0.0
2016-01-28,23.9,30.3,18.4,0.0
2016-01-29,24.4,31.0,18.6,0.0
2016-01-30,25.3,31.5,20.3,0.0
2016-01-31,25.5,31.5,21.1,0.0
2016-02-01,25.0,30.9,20.9,0.0
2016-02-02,24.7,30.9,20.0,0.0
2016-02-03,24.2,31.0,18.9,0.0
2016-02-04,23.5,29.8,17.5,0.0
2016-02-05,23.4,27.8,20.3,0.0
2016-02-06,22.5,26.8,17.7,0.0
2016-02-07,22.0,26.8,17.1,0.0
2016-02-08,23.5,29.3,16.8,0.0
2016-02-09,24.5,29.7,19.6,0.0
2016-02-10,24.3,28.7,21.2,0.0
2016-02-11,22.8,27.0,18.3,0.0
2016-02-12,22.0,26.3,17.9,0.0
2016-02-13,22.7,27.6,17.1,0.0
2016-02-14,24.7,30.2,19.5,0.0
2016-02-15,24.8,30.3,20.8,0.0
2016-02-16,25.0,30.5,20.5,0.0
2016-02-17,25.0,28.8,21.8,0.0
2016-02-18,25.4,30.6,20.3,0.0
2016-02-19,25.6,29.4,22.8,0.0
2016-02-20,26.8,30.6,22.7,0.0
2016-02-21,27.3,31.5,23.6,0.0
2016-02-22,25.4,30.8,21.1,0.0
2016-02-23,24.8,31.1,19.8,0.0
2016-02-24,24.3,28.7,20.2,0.0
2016-02-25,24.2,28.8,19.4,0.0
2016-02-26,25.2,30.3,19.9,0.0
2016-02-27,26.3,31.8,22.1,0.0
2016-02-28,26.1,30.6,22.3,0.0
2016-02-29,26.7,31.3,22.3,0.0
2016-03-01,27.5,32.9,22.9,0.1
2016-03-02,27.9,32.4,24.8,0.6
2016-03-03,28.4,33.6,23.7,0.0
2016-03-04,28.8,34.3,24.1,0.0
2016-03-05,27.2,32.4,22.2,0.0
2016-03-06,26.4,31.8,21.7,0.0
2016-03-07,26.8,32.6,21.5,0.0
2016-03-08,27.8,33.1,23.7,0.0
2016-03-09,27.3,32.5,23.2,0.0
2016-03-10,28.3,34.3,22.7,0.0
2016-03-11,27.9,34.3,23.9,0.0
2016-03-12,26.9,31.4,23.2,0.0
2016-03-13,25.3,29.3,22.1,0.0
2016-03-14,25.5,29.8,21.7,0.0
2016-03-15,26.5,31.2,22.2,0.0
2016-03-16,26.5,30.4,23.6,0.0
2016-03-17,26.4,30.8,22.6,0.0
2016-03-18,27.6,32.3,23.2,0.0
2016-03-19,29.4,35.0,23.3,0.0
2016-03-20,29.3,34.9,24.1,0.0
2016-03-21,27.8,33.5,22.3,0.0
2016-03-22,28.0,33.4,21.8,0.0
2016-03-23,29.3,35.9,23.7,0.0
2016-03-24,27.8,32.1,24.2,0.0
2016-03-25,27.1,31.3,23.5,0.0
2016-03-26,28.1,32.0,23.3,0.0
2016-03-27,28.9,33.9,24.0,0.2
2016-03-28,28.4,34.3,23.5,0.0
2016-03-29,27.6,32.5,22.8,0.0
2016-03-30,27.4,32.2,23.3,0.0
2016-03-31,27.0,33.0,23.0,0.0
2016-04-01,27.1,31.8,23.5,0.0
2016-04-02,27.3,31.3,23.3,0.0
2016-04-03,27.8,31.6,25.3,0.0
2016-04-04,28.6,32.8,25.5,0.0
2016-04-05,28.3,32.2,25.5,0.0
2016-04-06,27.9,32.3,24.4,0.0
2016-04-07,28.3,33.0,23.4,0.2
2016-04-08,29.2,34.7,23.7,0.0
2016-04-09,29.0,34.7,24.7,0.0
2016-04-10,29.2,34.3,25.1,0.0
2016-04-11,29.5,34.8,24.8,0.0
2016-04-12,29.4,34.8,24.5,0.0
2016-04-13,28.3,33.4,24.2,0.0
2016-04-14,27.9,32.2,24.5,0.0
2016-04-15,28.3,33.5,23.7,0.0
2016-04-16,27.7,32.4,23.5,0.0
2016-04-17,27.7,31.9,23.7,0.0
2016-04-18,29.0,33.2,25.1,0.0
2016-04-19,29.3,33.3,25.2,0.0
2016-04-20,29.1,32.8,25.8,0.0
2016-04-21,28.2,31.9,24.9,0.0
2016-04-22,28.0,31.0,25.2,0.0
2016-04-23,28.2,31.6,25.5,0.0
2016-04-24,27.8,31.2,24.6,0.0
2016-04-25,27.6,31.5,24.2,0.0
2016-04-26,28.5,33.4,24.0,0.0
2016-04-27,30.9,37.0,24.9,0.0
2016-04-28,29.7,35.1,25.4,0.0
2016-04-29,28.8,32.7,25.0,0.0
2016-04-30,28.6,32.7,25.5,0.0
2016-05-01,28.7,32.5,25.3,0.0
2016-05-02,29.2,33.1,26.5,0.0
2016-05-03,29.0,33.3,25.4,0.0
2016-05-04,28.9,32.9,25.2,0.0
2016-05-05,29.1,32.6,26.3,0.0
2016-05-06,28.9,32.5,25.9,0.0
2016-05-07,29.0,32.6,26.3,0.0
2016-05-08,29.3,32.7,26.6,0.0
2016-05-09,29.2,32.9,26.7,0.0
2016-05-10,29.5,32.9,26.7,0.0
2016-05-11,29.7,33.2,26.8,0.0
2016-05-12,29.7,33.2,27.2,0.0
2016-05-13,29.9,33.0,27.1,0.0
2016-05-14,30.2,33.3,27.1,0.0
2016-05-15,30.2,33.8,27.5,0.0
2016-05-16,29.9,33.5,27.1,0.0
2016-05-17,29.9,33.7,27.6,0.0
2016-05-18,30.2,33.1,27.2,0.0
2016-05-19,30.4,33.2,28.5,0.0
2016-05-20,30.3,32.7,28.6,0.2
2016-05-21,30.3,33.1,28.5,0.0
2016-05-22,30.5,33.1,28.5,0.0
2016-05-23,30.4,33.1,28.5,0.7
2016-05-24,30.4,33.0,28.4,0.1
2016-05-25,30.0,32.8,27.6,3.0
2016-05-26,30.2,32.9,27.7,1.4
2016-05-27,30.3,32.9,28.0,1.2
2016-05-28,30.1,32.5,28.3,1.0
2016-05-29,30.0,32.3,28.2,2.3
2016-05-30,30.1,32.8,28.0,2.2
2016-05-31,30.2,32.8,27.8,1.1
2016-06-01,30.3,33.3,28.0,0.7
2016-06-02,30.6,33.7,28.7,0.2
2016-06-03,30.7,34.1,28.7,0.0
2016-06-04,31.1,33.9,28.9,0.2
2016-06-05,31.1,33.1,29.5,0.0
2016-06-06,30.7,32.9,29.3,0.0
2016-06-07,30.9,33.7,29.1,0.0
2016-06-08,31.0,33.7,29.3,0.2
2016-06-09,31.0,33.9,29.1,1.0
2016-06-10,30.4,33.2,27.7,4.6
2016-06-11,28.1,29.8,26.7,7.8
2016-06-12,29.0,31.1,26.8,7.5
2016-06-13,29.7,32.2,27.9,3.6
2016-06-14,29.4,31.5,28.0,5.3
2016-06-15,29.0,30.6,27.5,5.6
2016-06-16,29.4,31.5,28.0,2.0
2016-06-17,29.1,31.4,27.5,5.4
2016-06-18,29.2,31.4,27.4,3.4
2016-06-19,27.9,29.2,25.3,11.7
2016-06-20,26.3,27.2,25.6,25.6
2016-06-21,27.2,29.3,25.9,50.0
2016-06-22,27.4,29.6,26.1,28.4
2016-06-23,27.2,29.2,26.0,9.9
2016-06-24,26.9,29.3,25.8,55.4
2016-06-25,26.4,27.1,25.8,82.3
2016-06-26,26.3,27.7,25.6,33.3
2016-06-27,26.2,27.3,25.6,35.3
2016-06-28,26.5,27.6,25.9,62.6
2016-06-29,26.2,26.8,25.8,33.6
2016-06-30,26.8,28.1,26.0,33.8
2016-07-01,27.0,28.4,26.2,40.4
2016-07-02,26.5,26.8,26.1,44.2
2016-07-03,26.8,27.7,26.4,25.4
2016-07-04,26.6,27.4,26.2,53.5
2016-07-05,26.4,27.1,25.8,14.5
2016-07-06,27.0,28.2,25.8,7.0
2016-07-07,27.3,28.4,26.6,5.4
2016-07-08,27.3,28.5,26.2,7.4
2016-07-09,26.6,27.4,26.2,33.4
2016-07-10,26.8,28.0,26.1,24.5
2016-07-11,26.2,27.3,25.1,24.4
2016-07-12,25.8,26.6,25.2,20.0
2016-07-13,26.0,27.5,25.0,13.3
2016-07-14,26.3,28.0,25.0,9.0
2016-07-15,26.4,27.9,25.3,6.4
2016-07-16,26.4,28.2,25.3,12.0
2016-07-17,26.1,27.6,25.2,12.4
2016-07-18,26.0,27.0,25.3,18.7
2016-07-19,25.7,26.0,25.3,25.2
2016-07-20,26.1,27.1,25.1,16.5
2016-07-21,25.7,26.8,25.0,9.8
2016-07-22,25.7,26.8,25.0,15.9
2016-07-23,25.9,27.0,24.9,9.7
2016-07-24,26.2,27.5,25.2,10.5
2016-07-25,26.3,27.7,25.3,8.2
2016-07-26,26.0,27.4,25.2,10.4
2016-07-27,25.7,26.5,25.1,17.5
2016-07-28,25.6,26.3,25.1,56.0
2016-07-29,25.7,26.8,25.3,43.1
2016-07-30,25.6,26.5,25.1,30.5
2016-07-31,25.7,26.3,25.2,66.2
2016-08-01,25.7,26.0,25.4,62.2
2016-08-02,26.3,27.2,25.7,51.7
2016-08-03,25.9,26.6,25.3,40.1
2016-08-04,25.7,26.7,25.0,18.4
2016-08-05,25.7,26.7,25.1,38.7
2016-08-06,25.9,26.4,25.4,12.4
2016-08-07,26.0,27.4,25.1,14.0
2016-08-08,26.2,27.3,25.4,14.2
2016-08-09,26.1,27.9,25.1,15.6
2016-08-10,25.8,26.7,25.4,22.4
2016-08-11,26.5,27.9,25.4,12.5
2016-08-12,26.4,27.4,25.4,8.2
2016-08-13,26.8,28.1,25.9,4.8
2016-08-14,26.8,28.1,25.9,4.4
2016-08-15,26.8,28.1,25.6,5.5
2016-08-16,26.7,28.1,25.3,4.0
2016-08-17,26.4,28.5,24.6,6.1
2016-08-18,26.0,27.6,24.6,6.0
2016-08-19,26.6,28.5,25.1,3.1
2016-08-20,25.8,26.9,24.9,5.5
2016-08-21,25.8,27.3,25.0,4.8
2016-08-22,25.9,27.2,25.2,6.8
2016-08-23,26.2,27.6,25.3,17.0
2016-08-24,26.5,27.8,25.4,8.0
2016-08-25,26.8,28.6,25.1,5.1
2016-08-26,26.2,27.5,25.0,17.8
2016-08-27,25.9,26.9,25.5,26.4
2016-08-28,26.1,26.9,25.6,22.0
2016-08-29,26.6,28.0,25.6,6.1
2016-08-30,26.9,28.4,25.8,2.1
2016-08-31,26.9,28.5,25.3,2.9
2016-09-01,26.1,27.6,24.9,7.5
2016-09-02,26.3,28.3,24.9,5.0
2016-09-03,26.7,28.3,25.2,2.2
2016-09-04,26.8,28.5,25.5,1.0
2016-09-05,26.5,28.4,25.1,0.4
2016-09-06,26.0,27.4,25.0,4.4
2016-09-07,26.1,27.7,25.0,3.4
2016-09-08,26.0,27.8,24.4,2.1
2016-09-09,26.3,28.4,24.5,1.4
2016-09-10,26.5,28.6,24.5,0.8
2016-09-11,26.3,28.1,24.5,2.5
2016-09-12,26.7,28.7,24.3,1.3
2016-09-13,27.0,28.5,24.9,0.5
2016-09-14,27.1,29.2,25.5,5.7
2016-09-15,26.3,27.6,25.5,44.2
2016-09-16,25.9,27.3,25.1,144.7
2016-09-17,25.6,26.4,25.1,120.4
2016-09-18,25.7,27.2,25.2,85.4
2016-09-19,26.1,26.9,25.5,17.9
2016-09-20,26.1,28.1,25.0,41.6
2016-09-21,25.6,26.2,25.1,125.5
2016-09-22,26.0,26.8,25.1,180.1
2016-09-23,26.2,27.9,25.3,19.6
2016-09-24,26.2,27.2,24.9,10.5
2016-09-25,26.4,28.3,24.9,3.8
2016-09-26,26.9,28.9,25.1,5.1
2016-09-27,27.0,28.7,25.4,2.1
2016-09-28,27.1,29.1,25.4,1.7
2016-09-29,26.9,28.9,25.1,0.7
2016-09-30,26.5,28.5,24.8,2.8
2016-10-01,25.3,26.2,23.9,28.0
2016-10-02,24.8,25.5,24.1,40.5
2016-10-03,25.3,26.9,24.5,12.4
2016-10-04,25.0,25.5,24.4,17.9
2016-10-05,26.1,27.2,25.0,2.7
2016-10-06,25.8,27.4,24.7,4.2
2016-10-07,26.4,28.3,24.5,1.3
2016-10-08,26.8,28.8,25.1,0.7
2016-10-09,26.8,28.5,25.4,1.7
2016-10-10,26.7,28.9,25.0,0.7
2016-10-11,26.7,29.7,23.8,0.0
2016-10-12,26.4,29.5,23.8,0.0
2016-10-13,26.4,29.4,23.9,0.0
2016-10-14,26.9,31.0,24.0,0.0
2016-10-15,27.3,31.0,23.9,0.0
2016-10-16,27.5,30.6,24.6,0.0
2016-10-17,28.0,31.6,25.0,0.0
2016-10-18,28.3,32.2,25.3,0.0
2016-10-19,27.9,32.0,24.7,0.0
2016-10-20,27.5,31.7,24.5,0.0
2016-10-21,27.1,31.3,24.1,0.0
2016-10-22,27.1,31.1,24.3,0.0
2016-10-23,27.1,30.7,24.3,0.0
2016-10-24,26.6,30.2,23.9,0.0
2016-10-25,25.6,29.5,21.9,0.0
2016-10-26,26.4,31.2,22.1,0.0
2016-10-27,27.3,32.1,22.5,0.0
2016-10-28,26.7,32.0,21.7,0.0
2016-10-29,26.0,31.4,20.5,0.0
2016-10-30,26.6,32.1,20.4,0.0
2016-10-31,28.0,33.3,22.6,0.0
2016-11-01,27.3,32.6,22.9,0.0
2016-11-02,26.4,32.1,21.8,0.0
2016-11-03,26.2,31.9,20.6,0.0
2016-11-04,26.0,31.2,20.6,0.0
2016-11-05,26.0,31.1,20.7,0.0
2016-11-06,25.7,31.1,20.2,0.0
2016-11-07,25.9,30.6,19.8,0.0
2016-11-08,26.3,31.5,20.8,0.0
2016-11-09,25.8,31.3,19.5,0.0
2016-11-10,25.5,31.2,19.0,0.0
2016-11-11,25.3,31.5,19.7,0.0
2016-11-12,25.5,31.9,18.7,0.0
2016-11-13,25.9,32.0,20.1,0.0
2016-11-14,26.2,31.9,20.8,0.0
2016-11-15,26.5,31.7,20.8,0.0
2016-11-16,27.7,32.7,22.7,0.0
2016-11-17,27.5,32.9,22.8,0.0
2016-11-18,26.3,31.7,21.8,0.0
2016-11-19,25.4,31.4,19.0,0.0
2016-11-20,25.1,31.7,18.9,0.0
2016-11-21,25.6,32.3,19.2,0.0
2016-11-22,25.6,32.1,19.7,0.0
2016-11-23,25.6,32.1,19.0,0.0
2016-11-24,26.0,32.3,19.7,0.0
2016-11-25,25.6,31.9,20.0,0.0
2016-11-26,25.6,32.4,19.9,0.0
2016-11-27,25.4,32.4,18.4,0.0
2016-11-28,25.9,32.8,18.7,0.0
2016-11-29,25.2,31.3,20.2,0.0
2016-11-30,25.2,31.3,19.9,0.0
2016-12-01,25.2,31.1,19.4,0.0
2016-12-02,25.9,32.0,19.6,0.0
2016-12-03,26.9,32.4,21.6,0.0
2016-12-04,28.0,32.7,24.3,0.0
2016-12-05,27.6,32.4,23.6,0.0
2016-12-06,26.3,31.7,20.7,0.0
2016-12-07,24.9,30.6,19.4,0.0
2016-12-08,24.9,31.2,19.1,0.0
2016-12-09,24.4,30.5,18.2,0.0
2016-12-10,24.2,30.1,17.7,0.0
2016-12-11,24.5,30.4,18.3,0.0
2016-12-12,25.3,31.0,19.1,0.0
2016-12-13,25.9,32.1,20.2,0.0
2016-12-14,26.9,31.9,22.0,0.0
2016-12-15,27.5,31.6,24.0,0.0
2016-12-16,27.9,32.3,24.2,0.0
2016-12-17,27.7,32.3,23.4,0.0
2016-12-18,26.5,31.6,21.2,0.0
2016-12-19,25.2,30.5,20.1,0.0
2016-12-20,25.2,31.4,19.3,0.0
2016-12-21,25.0,31.5,19.1,0.0
2016-12-22,24.5,30.4,18.9,0.0
2016-12-23,24.3,30.9,18.4,0.0
2016-12-24,24.0,30.4,18.6,0.0
2016-12-25,24.3,31.0,18.3,0.0
2016-12-26,24.8,31.3,17.6,0.0
2016-12-27,24.7,30.9,19.5,0.0
2016-12-28,24.4,31.0,18.8,0.0
2016-12-29,24.5,31.6,18.2,0.0
2016-12-30,24.9,31.7,18.3,0.0
2016-12-31,24.4,30.8,18.4,0.0
2017-01-01,23.1,29.0,18.3,0.0
2017-01-02,23.4,31.1,17.5,0.0
2017-01-03,23.5,31.1,18.2,0.0
2017-01-04,22.8,30.1,17.2,0.0
2017-01-05,22.4,29.2,16.5,0.0
2017-01-06,21.7,27.3,17.0,0.0
2017-01-07,21.8,26.3,17.1,0.0
2017-01-08,22.3,26.9,18.2,0.0
2017-01-09,22.4,27.2,18.1,0.0
2017-01-10,21.3,26.8,15.6,0.0
2017-01-11,20.9,27.0,16.1,0.0
2017-01-12,20.7,27.2,14.9,0.0
2017-01-13,21.5,28.0,14.9,0.0
2017-01-14,22.8,28.6,17.9,0.0
2017-01-15,23.4,28.8,18.6,0.0
2017-01-16,23.0,28.6,18.5,0.0
2017-01-17,23.0,29.1,18.5,0.0
2017-01-18,23.2,28.8,18.1,0.0
2017-01-19,24.1,30.8,19.1,0.0
2017-01-20,24.1,31.2,18.9,0.0
2017-01-21,24.5,32.0,18.3,0.0
2017-01-22,25.0,31.4,20.1,0.0
2017-01-23,25.4,32.9,19.8,0.0
2017-01-24,25.8,33.3,20.6,0.0
2017-01-25,25.9,32.3,20.8,0.0
2017-01-26,24.4,30.1,20.9,0.0
2017-01-27,23.3,29.6,18.4,0.0
2017-01-28,24.9,32.8,18.8,0.0
2017-01-29,24.9,32.9,19.2,0.0
2017-01-30,24.2,30.4,19.1,0.0
2017-01-31,24.1,29.5,18.7,0.0
2017-02-01,23.9,30.6,18.5,0.0
2017-02-02,24.3,31.0,19.1,0.0
2017-02-03,24.1,29.7,19.8,0.0
2017-02-04,23.0,27.3,19.5,0.0
2017-02-05,22.5,27.1,19.1,0.0
2017-02-06,22.0,28.1,16.8,0.0
2017-02-07,22.5,28.3,16.3,0.0
2017-02-08,23.4,28.0,19.0,0.0
2017-02-09,24.1,30.8,19.6,0.0
2017-02-10,23.0,28.8,18.4,0.0
2017-02-11,22.0,27.4,17.8,0.0
2017-02-12,22.8,29.6,17.3,0.0
2017-02-13,24.9,31.6,18.1,0.0
2017-02-14,26.4,33.8,19.8,0.0
2017-02-15,27.0,34.9,21.5,0.0
2017-02-16,27.2,35.1,20.4,0.0
2017-02-17,27.8,35.5,22.4,0.0
2017-02-18,27.9,35.9,20.6,0.0
2017-02-19,26.6,33.9,20.7,0.0
2017-02-20,25.8,31.4,21.0,0.0
2017-02-21,23.8,28.6,20.1,0.0
2017-02-22,23.7,28.4,20.5,0.0
2017-02-23,25.7,31.8,19.8,0.0
2017-02-24,26.6,34.9,19.2,0.0
2017-02-25,27.3,35.2,20.6,0.0
2017-02-26,26.9,35.3,20.2,0.0
2017-02-27,26.4,33.8,19.9,0.0
2017-02-28,26.8,35.5,20.9,0.0
2017-03-01,26.7,33.0,20.5,0.0
2017-03-02,26.1,32.7,20.8,0.0
2017-03-03,25.3,31.6,20.2,0.0
2017-03-04,24.6,30.2,19.3,0.0
2017-03-05,25.0,30.3,19.8,0.0
2017-03-06,24.8,30.4,19.8,0.0
2017-03-07,24.6,29.5,19.9,0.0
2017-03-08,25.3,30.2,21.4,0.0
2017-03-09,24.7,29.6,20.8,0.0
2017-03-10,25.0,27.6,23.1,0.1
2017-03-11,23.9,28.1,19.1,0.0
2017-03-12,23.3,28.8,18.2,0.0
2017-03-13,24.5,30.2,17.3,0.0
2017-03-14,25.9,32.4,18.6,0.0
2017-03-15,25.9,31.9,19.9,0.0
2017-03-16,25.7,31.1,20.8,0.0
2017-03-17,26.2,30.3,21.5,0.0
2017-03-18,26.1,30.9,21.4,0.0
2017-03-19,25.8,30.7,21.8,0.0
2017-03-20,26.2,31.6,21.5,0.0
2017-03-21,26.2,31.1,22.0,0.0
2017-03-22,26.2,30.7,22.3,0.0
2017-03-23,26.3,31.3,22.3,0.0
2017-03-24,26.9,31.4,22.6,0.0
2017-03-25,27.7,32.4,22.5,0.0
2017-03-26,28.7,32.9,23.0,0.0
2017-03-27,29.9,36.8,23.8,0.0
2017-03-28,27.8,32.5,23.8,0.0
2017-03-29,27.6,31.5,24.7,0.0
2017-03-30,27.2,30.6,23.2,0.0
2017-03-31,28.1,32.2,24.1,0.0
2017-04-01,27.6,31.9,23.2,0.0
2017-04-02,27.2,32.1,23.6,0.0
2017-04-03,27.2,30.9,24.3,0.0
2017-04-04,27.5,30.5,24.9,0.0
2017-04-05,27.9,30.7,26.0,0.0
2017-04-06,27.3,30.5,24.2,0.0
2017-04-07,26.5,30.6,22.2,0.0
2017-04-08,26.9,31.1,21.8,0.0
2017-04-09,28.9,35.2,23.5,0.0
2017-04-10,29.0,34.4,23.0,0.0
2017-04-11,28.8,33.2,24.1,0.0
2017-04-12,28.4,32.5,24.3,0.0
2017-04-13,28.8,34.6,23.8,0.0
2017-04-14,28.1,32.0,25.1,0.0
2017-04-15,28.3,31.7,25.4,0.0
2017-04-16,28.8,33.9,24.7,0.0
2017-04-17,28.4,32.8,24.6,0.0
2017-04-18,28.9,34.3,23.9,0.0
2017-04-19,28.2,32.1,24.1,0.0
2017-04-20,28.0,31.7,24.9,0.0
2017-04-21,28.1,30.8,25.7,0.0
2017-04-22,28.4,30.9,26.1,0.0
2017-04-23,28.4,31.1,26.3,0.0
2017-04-24,28.0,30.9,25.5,0.0
2017-04-25,27.3,30.7,24.3,0.0
2017-04-26,27.5,30.9,25.0,0.0
2017-04-27,27.5,31.6,24.7,0.0
2017-04-28,27.8,31.2,24.6,0.0
2017-04-29,27.3,30.9,24.4,0.0
2017-04-30,27.8,31.2,25.1,0.0
2017-05-01,27.8,31.9,25.1,0.0
2017-05-02,27.8,31.1,25.0,0.0
2017-05-03,28.3,31.7,24.6,0.0
2017-05-04,28.6,31.9,25.6,0.0
2017-05-05,29.7,32.8,27.0,0.0
2017-05-06,29.2,32.2,25.8,0.0
2017-05-07,28.7,31.9,25.4,0.0
2017-05-08,28.8,31.7,26.1,0.1
2017-05-09,29.0,32.4,26.4,0.0
2017-05-10,29.1,32.4,26.1,0.0
2017-05-11,29.2,32.9,26.4,0.0
2017-05-12,30.4,33.8,27.2,0.0
2017-05-13,30.7,35.0,27.7,0.0
2017-05-14,29.8,32.9,27.1,0.0
2017-05-15,29.5,32.1,27.3,0.0
2017-05-16,29.4,32.4,27.4,0.0
2017-05-17,29.7,32.2,27.7,0.0
2017-05-18,29.5,32.4,27.7,0.0
2017-05-19,29.6,32.3,26.6,0.0
2017-05-20,29.4,32.1,27.6,0.0
2017-05-21,29.7,32.3,27.4,0.1
2017-05-22,30.1,32.9,27.8,0.0
2017-05-23,29.9,33.1,26.8,0.1
2017-05-24,29.8,32.7,27.4,0.0
2017-05-25,29.9,32.6,28.0,0.1
2017-05-26,30.1,32.6,28.5,0.2
2017-05-27,30.1,32.7,28.5,1.4
2017-05-28,30.1,32.5,28.6,5.5
2017-05-29,29.9,32.4,28.3,7.5
2017-05-30,29.5,31.5,28.3,4.0
2017-05-31,29.6,31.6,27.5,2.2
2017-06-01,29.0,31.4,26.9,6.9
2017-06-02,29.2,31.8,27.4,10.9
2017-06-03,29.2,31.9,27.2,1.5
2017-06-04,29.2,30.8,27.4,3.2
2017-06-05,29.5,31.2,27.1,2.3
2017-06-06,29.1,31.5,26.2,12.3
2017-06-07,27.4,29.7,26.2,25.3
2017-06-08,27.2,29.1,25.9,20.7
2017-06-09,27.1,28.4,25.9,20.2
2017-06-10,26.5,28.1,25.7,39.8
2017-06-11,27.3,29.2,26.2,16.7
2017-06-12,27.4,29.4,25.7,27.1
2017-06-13,27.7,29.6,26.2,10.7
2017-06-14,28.0,30.2,26.5,14.2
2017-06-15,27.8,30.0,26.4,9.8
2017-06-16,28.0,30.3,26.3,8.5
2017-06-17,28.6,29.9,26.7,4.0
2017-06-18,28.6,29.4,27.3,3.2
2017-06-19,28.6,30.5,26.6,5.4
2017-06-20,28.8,30.2,26.9,3.3
2017-06-21,28.5,30.5,27.0,4.5
2017-06-22,28.4,30.1,26.7,5.5
2017-06-23,28.5,30.4,27.0,5.2
2017-06-24,27.4,29.0,25.8,14.6
2017-06-25,26.7,28.0,25.6,43.8
2017-06-26,26.4,27.5,25.8,39.1
2017-06-27,26.7,27.7,25.8,64.6
2017-06-28,26.9,27.9,25.8,66.8
2017-06-29,27.0,28.4,26.1,65.4
2017-06-30,27.4,29.0,25.7,18.2
2017-07-01,27.1,29.4,25.2,36.2
2017-07-02,26.9,28.2,25.4,34.9
2017-07-03,27.7,29.5,25.9,9.6
2017-07-04,27.0,28.3,25.7,7.6
2017-07-05,27.6,29.0,26.7,6.6
2017-07-06,27.7,29.7,26.2,7.9
2017-07-07,26.9,28.4,25.3,9.3
2017-07-08,26.6,28.6,24.9,9.2
2017-07-09,26.6,28.1,25.2,5.9
2017-07-10,26.9,28.5,25.4,4.3
2017-07-11,27.6,29.1,26.1,3.8
2017-07-12,27.3,28.9,25.8,7.6
2017-07-13,26.8,28.6,25.4,11.6
2017-07-14,26.4,27.7,25.2,52.6
2017-07-15,26.2,27.2,24.9,44.1
2017-07-16,26.3,27.4,25.2,44.7
2017-07-17,26.2,27.5,25.5,81.4
2017-07-18,25.9,26.8,25.5,77.6
2017-07-19,26.3,27.9,25.4,36.8
2017-07-20,26.3,27.0,25.7,84.3
2017-07-21,26.7,27.9,25.7,63.2
2017-07-22,26.3,27.3,25.4,36.3
2017-07-23,26.8,28.1,25.7,29.2
2017-07-24,27.3,28.9,25.9,13.4
2017-07-25,27.3,29.1,26.2,8.6
2017-07-26,27.4,28.7,26.5,6.0
2017-07-27,26.6,27.6,25.4,10.7
2017-07-28,26.1,27.0,25.4,23.2
2017-07-29,26.4,28.3,25.0,9.6
2017-07-30,26.4,28.2,25.2,12.0
2017-07-31,26.3,27.6,25.3,12.0
2017-08-01,26.6,28.0,25.5,11.3
2017-08-02,26.8,28.5,25.4,7.5
2017-08-03,26.8,28.3,25.7,5.5
2017-08-04,27.0,28.4,25.8,4.7
2017-08-05,27.0,28.3,25.9,3.5
2017-08-06,27.1,28.5,25.6,1.8
2017-08-07,26.9,28.2,25.7,2.4
2017-08-08,26.8,28.1,25.5,2.9
2017-08-09,26.6,27.8,25.7,6.1
2017-08-10,26.1,27.6,25.3,12.4
2017-08-11,26.7,28.2,25.6,10.0
2017-08-12,27.3,28.6,25.8,4.4
2017-08-13,26.9,27.9,26.2,7.5
2017-08-14,26.2,27.3,25.5,28.6
2017-08-15,26.8,28.3,25.3,3.0
2017-08-16,26.8,28.0,25.6,4.8
2017-08-17,27.1,28.4,25.6,3.1
2017-08-18,27.1,28.3,26.1,3.8
2017-08-19,26.3,27.6,25.4,19.2
2017-08-20,25.4,26.6,24.4,79.4
2017-08-21,25.6,27.6,24.1,14.6
2017-08-22,26.1,27.5,25.3,7.3
2017-08-23,26.7,28.3,25.4,4.0
2017-08-24,26.7,27.9,25.7,8.4
2017-08-25,26.1,27.2,25.2,42.3
2017-08-26,26.3,27.4,25.4,26.6
2017-08-27,26.7,28.2,25.7,26.8
2017-08-28,26.2,27.1,25.6,59.6
2017-08-29,26.3,26.6,25.7,81.9
2017-08-30,26.4,28.0,25.0,20.6
2017-08-31,26.7,29.0,24.7,6.7
2017-09-01,25.9,27.7,24.5,8.2
2017-09-02,26.6,28.1,25.1,4.2
2017-09-03,26.6,28.0,25.5,9.1
2017-09-04,27.0,28.9,25.6,1.3
2017-09-05,26.9,28.4,24.6,1.4
2017-09-06,27.0,28.7,25.5,2.7
2017-09-07,27.6,29.5,25.5,0.9
2017-09-08,27.5,29.5,25.6,7.4
2017-09-09,27.6,30.3,26.0,11.3
2017-09-10,27.8,29.5,25.9,3.1
2017-09-11,28.4,31.0,26.7,1.5
2017-09-12,28.5,31.5,26.4,8.8
2017-09-13,27.6,29.6,25.9,6.1
2017-09-14,27.9,29.9,26.1,13.2
2017-09-15,27.0,28.6,25.6,3.9
2017-09-16,27.2,29.3,25.6,7.6
2017-09-17,26.9,29.1,25.7,20.8
2017-09-18,27.0,30.5,25.3,28.8
2017-09-19,26.3,27.5,25.8,74.5
2017-09-20,25.7,26.6,25.2,101.5
2017-09-21,26.4,28.1,24.3,7.5
2017-09-22,26.3,28.1,24.8,2.4
2017-09-23,26.9,29.0,25.1,0.9
2017-09-24,27.1,29.0,25.3,1.3
2017-09-25,27.0,29.0,25.1,1.7
2017-09-26,27.3,29.8,24.9,0.0
2017-09-27,28.0,30.6,26.0,0.4
2017-09-28,28.1,30.2,26.4,1.3
2017-09-29,27.5,29.7,26.0,6.5
2017-09-30,28.3,30.6,26.4,1.9
2017-10-01,28.5,30.8,26.5,0.5
2017-10-02,28.5,31.3,26.5,0.7
2017-10-03,28.6,31.4,25.9,0.5
2017-10-04,29.0,33.2,25.7,0.1
2017-10-05,28.3,31.3,25.0,0.0
2017-10-06,28.5,31.4,26.5,0.1
2017-10-07,27.7,31.2,25.7,13.5
2017-10-08,27.4,29.6,25.7,11.6
2017-10-09,27.4,29.4,25.9,7.5
2017-10-10,26.1,27.6,24.9,42.5
2017-10-11,26.1,27.4,24.8,20.0
2017-10-12,27.1,29.3,25.3,7.5
2017-10-13,27.4,30.0,25.9,5.5
2017-10-14,26.8,29.3,25.1,35.2
2017-10-15,27.1,28.7,25.6,19.9
2017-10-16,27.5,29.4,25.8,0.6
2017-10-17,27.6,30.4,24.8,1.0
2017-10-18,27.6,30.9,24.2,0.0
2017-10-19,27.3,30.8,23.4,0.0
2017-10-20,27.1,30.1,23.7,0.0
2017-10-21,27.6,29.4,25.8,0.6
2017-10-22,27.7,29.6,25.9,0.3
2017-10-23,27.6,30.9,24.5,0.3
2017-10-24,26.4,32.1,21.0,0.0
2017-10-25,26.5,33.1,21.6,0.0
2017-10-26,27.4,33.2,22.9,0.0
2017-10-27,26.8,30.9,22.8,0.0
2017-10-28,26.5,30.6,22.1,0.0
2017-10-29,26.2,32.1,21.7,0.0
2017-10-30,26.8,33.2,21.6,0.0
2017-10-31,26.8,33.1,20.9,0.0
2017-11-01,26.8,33.1,21.6,0.0
2017-11-02,26.3,32.9,21.7,0.0
2017-11-03,26.2,32.1,21.7,0.0
2017-11-04,25.9,32.3,20.6,0.0
2017-11-05,26.5,32.8,22.2,0.0
2017-11-06,27.2,33.6,22.1,0.0
2017-11-07,26.7,32.6,21.8,0.0
2017-11-08,26.1,32.2,21.2,0.0
2017-11-09,26.2,32.4,21.2,0.0
2017-11-10,26.0,31.8,21.6,0.0
2017-11-11,26.0,31.9,20.9,0.0
2017-11-12,25.4,31.4,21.1,0.0
2017-11-13,24.8,31.1,19.7,0.0
2017-11-14,24.4,29.1,19.6,0.0
2017-11-15,25.5,30.8,20.6,0.0
2017-11-16,25.4,30.9,20.8,0.0
2017-11-17,25.7,30.9,21.8,0.0
2017-11-18,25.8,31.3,20.6,0.0
2017-11-19,26.5,32.1,22.3,0.0
2017-11-20,26.7,31.2,22.7,0.0
2017-11-21,27.3,31.4,23.6,0.0
2017-11-22,26.7,31.3,22.3,0.0
2017-11-23,25.2,30.4,20.1,0.0
2017-11-24,24.8,29.6,19.8,0.0
2017-11-25,25.4,30.8,20.1,0.0
2017-11-26,26.3,32.9,20.8,0.0
2017-11-27,25.5,32.0,20.5,0.0
2017-11-28,24.7,31.0,19.4,0.0
2017-11-29,24.3,30.3,19.1,0.0
2017-11-30,25.1,31.1,19.6,0.0
2017-12-01,26.2,32.8,20.8,0.0
2017-12-02,27.0,33.0,22.9,0.0
2017-12-03,27.3,32.6,23.5,0.0
2017-12-04,25.7,29.8,22.0,7.8
2017-12-05,24.4,26.2,22.7,20.7
2017-12-06,23.3,26.1,19.6,0.0
2017-12-07,22.6,26.1,19.3,0.0
2017-12-08,24.2,27.2,20.9,1.0
2017-12-09,24.8,27.8,22.6,0.0
2017-12-10,24.7,28.3,21.9,0.0
2017-12-11,24.0,27.0,21.6,0.0
2017-12-12,22.5,26.3,19.0,0.0
2017-12-13,22.0,26.0,18.2,0.0
2017-12-14,21.9,26.3,18.2,0.0
2017-12-15,23.0,27.0,18.3,0.0
2017-12-16,24.5,29.5,20.0,0.0
2017-12-17,25.6,32.8,20.9,0.0
2017-12-18,25.1,31.2,21.5,0.0
2017-12-19,24.0,30.6,18.6,0.0
2017-12-20,23.8,31.7,17.5,0.0
2017-12-21,23.4,30.8,17.2,0.0
2017-12-22,23.2,30.8,17.5,0.0
2017-12-23,23.6,30.8,17.2,0.0
2017-12-24,22.9,29.2,18.0,0.0
2017-12-25,23.4,29.5,17.4,0.0
2017-12-26,23.7,31.6,17.8,0.0
2017-12-27,23.3,30.3,17.8,0.0
2017-12-28,22.6,29.4,17.2,0.0
2017-12-29,22.9,30.4,16.4,0.0
2017-12-30,22.7,29.0,16.7,0.0
2017-12-31,22.5,28.5,17.5,0.0
2018-01-01,22.1,27.9,17.2,0.0
2018-01-02,21.8,27.4,16.4,0.0
2018-01-03,22.4,28.0,16.9,0.0
2018-01-04,22.7,27.8,17.6,0.0
2018-01-05,22.4,27.8,18.0,0.0
2018-01-06,21.8,26.9,17.3,0.0
2018-01-07,21.2,27.1,16.8,0.0
2018-01-08,21.8,26.9,15.7,0.0
2018-01-09,22.9,30.1,17.1,0.0
2018-01-10,24.6,31.3,18.6,0.0
2018-01-11,25.6,31.4,21.1,0.0
2018-01-12,25.9,31.8,22.2,0.0
2018-01-13,26.4,31.8,22.3,0.0
2018-01-14,26.1,30.3,22.8,0.0
2018-01-15,26.6,32.1,22.6,0.0
2018-01-16,26.6,32.8,23.0,0.0
2018-01-17,25.5,30.3,21.5,0.0
2018-01-18,25.3,31.4,20.5,0.0
2018-01-19,24.9,31.2,20.7,0.0
2018-01-20,23.7,30.7,18.8,0.0
2018-01-21,24.1,29.9,19.2,0.0
2018-01-22,23.3,27.7,19.3,0.0
2018-01-23,22.3,27.1,18.1,0.0
2018-01-24,21.9,27.6,16.7,0.0
2018-01-25,22.5,28.7,16.1,0.0
2018-01-26,22.4,29.3,16.5,0.0
2018-01-27,22.3,28.6,16.7,0.0
2018-01-28,22.6,28.4,16.8,0.0
2018-01-29,23.3,29.1,17.4,0.0
2018-01-30,24.7,32.7,18.1,0.0
2018-01-31,24.4,32.9,18.0,0.0
2018-02-01,23.8,31.3,17.0,0.0
2018-02-02,23.7,29.3,17.8,0.0
2018-02-03,24.4,31.4,18.1,0.0
2018-02-04,24.2,29.7,20.0,0.0
2018-02-05,23.9,30.0,18.7,0.0
2018-02-06,25.2,29.9,19.6,0.0
2018-02-07,24.2,29.1,20.8,0.0
2018-02-08,23.3,28.5,18.9,0.0
2018-02-09,23.4,28.9,19.0,0.0
2018-02-10,23.3,29.0,19.9,0.0
2018-02-11,22.7,27.0,18.6,0.1
2018-02-12,22.2,27.0,17.7,0.0
2018-02-13,23.5,27.9,18.9,0.0
2018-02-14,26.5,33.2,19.7,0.0
2018-02-15,27.4,34.0,21.5,0.0
2018-02-16,26.6,32.2,21.7,0.0
2018-02-17,25.7,31.1,21.3,0.0
2018-02-18,25.2,31.0,19.4,0.0
2018-02-19,25.4,31.5,19.2,0.0
2018-02-20,25.7,32.1,21.6,0.0
2018-02-21,25.8,30.2,20.6,0.0
2018-02-22,26.4,32.5,20.8,0.0
2018-02-23,25.5,30.1,21.1,0.0
2018-02-24,26.4,31.5,21.2,0.0
2018-02-25,27.7,35.2,22.1,0.0
2018-02-26,26.6,32.6,21.4,0.0
2018-02-27,27.4,34.3,22.3,0.0
2018-02-28,27.2,33.9,21.6,0.0
2018-03-01,26.5,32.2,21.5,0.0
2018-03-02,27.1,32.1,23.0,0.0
2018-03-03,27.1,31.3,22.5,0.0
2018-03-04,26.0,30.5,21.3,0.0
2018-03-05,26.7,31.4,21.5,0.0
2018-03-06,27.8,32.1,23.5,0.0
2018-03-07,26.4,30.7,21.4,0.0
2018-03-08,25.2,29.7,21.0,0.0
2018-03-09,26.2,31.1,22.2,0.0
2018-03-10,27.2,30.9,23.3,0.0
2018-03-11,27.8,33.3,22.6,0.0
2018-03-12,28.0,35.0,21.9,0.0
2018-03-13,27.1,32.3,22.1,0.0
2018-03-14,28.5,34.1,24.5,0.0
2018-03-15,26.4,28.5,23.5,0.0
2018-03-16,26.4,29.8,22.8,0.0
2018-03-17,27.0,31.6,22.9,0.0
2018-03-18,27.1,30.8,23.7,0.3
2018-03-19,26.3,30.9,22.7,0.0
2018-03-20,26.1,30.3,21.8,0.0
2018-03-21,25.9,30.5,21.9,0.0
2018-03-22,24.6,29.1,20.6,0.0
2018-03-23,25.1,28.9,21.4,0.0
2018-03-24,26.0,30.9,21.8,0.0
2018-03-25,29.0,35.2,22.7,0.0
2018-03-26,28.9,35.8,23.4,0.0
2018-03-27,27.4,31.8,24.3,0.0
2018-03-28,27.0,30.4,23.7,0.0
2018-03-29,26.7,31.0,22.9,0.0
2018-03-30,26.7,30.8,23.2,0.0
2018-03-31,26.7,30.0,22.8,0.0
2018-04-01,26.7,31.4,22.5,0.0
2018-04-02,27.1,30.7,23.1,0.0
2018-04-03,26.8,30.6,22.9,0.0
2018-04-04,27.4,31.1,23.2,0.0
2018-04-05,28.0,31.5,24.4,0.0
2018-04-06,27.2,31.7,23.1,0.0
2018-04-07,27.9,31.7,24.0,0.0
2018-04-08,27.2,33.1,22.1,0.0
2018-04-09,27.4,32.5,22.7,0.0
2018-04-10,27.2,31.5,23.8,0.0
2018-04-11,27.6,31.1,24.8,0.0
2018-04-12,27.5,31.6,24.1,0.0
2018-04-13,27.6,31.3,24.4,0.0
2018-04-14,28.0,31.7,24.8,0.0
2018-04-15,28.2,31.2,25.2,0.0
2018-04-16,28.8,31.8,26.0,0.0
2018-04-17,30.2,34.6,26.9,0.1
2018-04-18,29.6,33.0,24.9,0.0
2018-04-19,29.9,34.0,26.5,0.0
2018-04-20,29.2,32.6,25.6,0.0
2018-04-21,28.6,32.6,25.1,0.0
2018-04-22,28.5,33.7,23.8,0.0
2018-04-23,28.2,32.2,24.2,0.0
2018-04-24,28.3,33.4,23.4,0.0
2018-04-25,28.0,33.1,23.7,0.0
2018-04-26,27.6,31.2,24.8,0.0
2018-04-27,27.7,31.4,24.5,0.0
2018-04-28,28.4,32.0,25.2,0.0
2018-04-29,28.5,32.0,25.2,0.0
2018-04-30,28.3,31.6,26.1,0.0
2018-05-01,28.3,31.7,25.0,0.0
2018-05-02,28.4,31.4,25.8,0.0
2018-05-03,28.7,32.1,25.9,0.0
2018-05-04,29.0,32.6,26.5,0.1
2018-05-05,28.9,32.1,26.2,0.0
2018-05-06,29.2,32.5,26.4,0.0
2018-05-07,29.3,32.4,26.5,0.0
2018-05-08,28.9,32.4,26.2,0.0
2018-05-09,29.3,32.6,26.4,0.0
2018-05-10,29.6,32.8,26.8,0.0
2018-05-11,29.8,33.2,27.1,0.0
2018-05-12,29.3,32.4,25.8,0.0
2018-05-13,29.5,32.7,26.6,0.0
2018-05-14,29.7,32.7,26.8,0.0
2018-05-15,29.5,32.2,27.1,0.0
2018-05-16,29.7,32.9,27.5,0.0
2018-05-17,30.0,33.3,27.8,0.0
2018-05-18,29.8,32.4,26.7,0.0
2018-05-19,29.6,32.5,27.0,0.0
2018-05-20,29.6,32.6,26.9,0.0
2018-05-21,29.7,32.5,26.7,0.0
2018-05-22,29.3,32.3,26.6,0.0
2018-05-23,29.6,31.9,27.3,0.0
2018-05-24,30.1,32.5,28.1,0.0
2018-05-25,29.9,32.7,28.5,0.0
2018-05-26,30.4,33.0,28.6,0.0
2018-05-27,30.5,33.3,28.7,0.4
2018-05-28,30.3,32.7,28.8,0.0
2018-05-29,30.1,32.4,28.2,1.2
2018-05-30,30.4,33.1,28.6,0.2
2018-05-31,30.3,33.1,28.4,0.5
2018-06-01,29.9,33.4,27.2,3.5
2018-06-02,30.1,33.1,27.3,6.7
2018-06-03,29.7,32.6,27.4,0.5
2018-06-04,29.4,31.7,27.4,4.3
2018-06-05,29.8,32.8,26.8,0.3
2018-06-06,29.6,31.4,27.3,8.7
2018-06-07,28.8,30.3,27.4,17.5
2018-06-08,28.5,30.0,26.9,11.2
2018-06-09,27.8,29.2,26.6,28.6
2018-06-10,28.7,30.3,27.2,9.1
2018-06-11,28.9,30.5,27.4,4.6
2018-06-12,29.1,31.0,27.7,2.9
2018-06-13,29.0,30.7,27.1,4.0
2018-06-14,28.4,30.9,26.3,9.4
2018-06-15,27.1,28.8,25.6,9.7
2018-06-16,26.6,28.0,25.3,9.3
2018-06-17,26.4,27.9,25.5,25.3
2018-06-18,26.7,28.1,25.3,23.1
2018-06-19,28.0,29.5,25.5,1.6
2018-06-20,29.1,30.9,27.2,1.1
2018-06-21,28.7,30.4,27.3,2.1
2018-06-22,28.3,29.8,26.3,7.8
2018-06-23,26.6,27.7,25.9,44.2
2018-06-24,26.6,28.1,25.5,52.4
2018-06-25,26.7,27.9,26.1,33.7
2018-06-26,27.3,29.2,26.0,11.7
2018-06-27,27.5,29.3,25.4,9.0
2018-06-28,26.3,27.6,25.3,10.8
2018-06-29,26.3,27.5,25.2,9.9
2018-06-30,26.6,28.4,25.3,5.7
2018-07-01,26.8,28.3,25.4,9.4
2018-07-02,26.4,27.5,25.7,26.8
2018-07-03,26.3,27.4,25.7,32.2
2018-07-04,26.0,27.1,25.0,43.6
2018-07-05,26.5,27.4,25.5,14.7
2018-07-06,26.2,27.3,25.3,11.8
2018-07-07,25.4,26.3,24.9,42.6
2018-07-08,25.9,27.1,25.3,55.0
2018-07-09,25.9,26.8,25.4,38.5
2018-07-10,26.4,27.6,25.7,25.4
2018-07-11,26.3,27.6,25.4,19.6
2018-07-12,26.1,26.8,25.6,30.4
2018-07-13,26.1,27.4,25.4,28.1
2018-07-14,26.3,27.3,25.5,17.3
2018-07-15,26.1,26.7,25.6,46.0
2018-07-16,26.1,27.0,25.4,37.8
2018-07-17,25.9,26.9,25.5,21.2
2018-07-18,26.4,28.1,25.2,10.1
2018-07-19,26.5,27.7,25.4,9.8
2018-07-20,26.0,26.5,25.6,20.9
2018-07-21,26.4,28.0,25.6,11.8
2018-07-22,26.6,27.7,25.7,8.3
2018-07-23,26.9,28.3,25.5,5.7
2018-07-24,26.6,27.8,25.6,6.9
2018-07-25,27.0,28.1,25.8,3.2
2018-07-26,26.7,27.7,25.9,3.9
2018-07-27,26.9,28.5,25.8,6.0
2018-07-28,27.1,28.2,26.3,2.1
2018-07-29,27.2,28.8,26.2,3.7
2018-07-30,27.2,28.8,26.2,6.6
2018-07-31,26.8,28.6,25.4,6.5
2018-08-01,26.9,28.6,25.5,5.8
2018-08-02,26.9,28.4,25.5,4.2
2018-08-03,26.4,27.7,24.9,9.7
2018-08-04,25.8,26.5,25.1,13.6
2018-08-05,26.7,28.1,25.4,4.6
2018-08-06,26.6,27.9,25.5,6.2
2018-08-07,26.8,28.0,25.7,6.6
2018-08-08,26.6,27.6,25.7,4.9
2018-08-09,25.9,26.8,25.2,9.4
2018-08-10,26.3,27.9,25.3,6.9
2018-08-11,26.3,27.5,25.2,8.7
2018-08-12,26.1,27.8,25.0,9.2
2018-08-13,26.6,27.9,25.3,7.5
2018-08-14,26.5,28.2,25.4,5.8
2018-08-15,26.4,28.1,25.3,7.7
2018-08-16,26.0,27.0,25.6,16.8
2018-08-17,25.8,26.6,24.8,16.1
2018-08-18,25.7,26.8,25.0,11.1
2018-08-19,26.1,27.1,25.1,7.8
2018-08-20,25.5,26.6,24.8,19.7
2018-08-21,25.0,25.3,24.7,28.6
2018-08-22,25.3,25.7,24.8,17.3
2018-08-23,26.1,27.4,24.8,5.3
2018-08-24,26.0,27.3,24.8,6.3
2018-08-25,25.8,27.4,24.6,11.5
2018-08-26,25.7,26.9,24.3,11.9
2018-08-27,25.2,26.4,24.4,5.6
2018-08-28,25.2,26.1,24.4,5.0
2018-08-29,25.8,27.5,24.7,5.5
2018-08-30,25.8,26.9,25.0,3.4
2018-08-31,26.0,27.5,24.4,5.5
2018-09-01,25.6,26.6,24.8,6.4
2018-09-02,26.1,27.7,24.5,7.7
2018-09-03,26.2,28.0,24.9,3.8
2018-09-04,25.9,27.3,24.9,4.9
2018-09-05,26.1,27.8,25.0,2.6
2018-09-06,26.1,27.5,24.6,1.7
2018-09-07,25.9,27.1,24.4,2.4
2018-09-08,25.6,27.4,23.9,2.9
2018-09-09,25.8,27.8,23.9,2.9
2018-09-10,25.9,28.3,23.5,1.2
2018-09-11,25.9,28.1,24.0,1.1
2018-09-12,25.8,28.0,23.8,1.4
2018-09-13,25.8,27.2,24.2,2.2
2018-09-14,26.0,27.5,24.7,3.4
2018-09-15,26.2,27.6,24.9,3.4
2018-09-16,26.5,28.6,24.8,1.8
2018-09-17,26.3,28.4,24.0,0.9
2018-09-18,26.3,28.1,24.1,4.1
2018-09-19,26.3,27.9,23.7,5.1
2018-09-20,26.9,29.0,24.9,10.2
2018-09-21,27.5,29.6,25.1,1.0
2018-09-22,27.5,29.1,26.0,1.5
2018-09-23,26.7,28.4,25.3,2.0
2018-09-24,26.7,29.0,24.8,2.3
2018-09-25,26.7,29.3,24.1,0.0
2018-09-26,27.4,30.3,25.0,0.1
2018-09-27,28.4,31.3,26.3,0.0
2018-09-28,28.3,31.1,26.1,6.3
2018-09-29,28.7,31.5,26.2,0.0
2018-09-30,29.1,32.6,26.6,0.0
2018-10-01,29.2,33.1,26.2,0.1
2018-10-02,29.2,33.2,26.2,1.5
2018-10-03,29.2,31.8,26.9,0.2
2018-10-04,29.1,32.3,26.3,0.0
2018-10-05,29.7,33.3,26.7,0.8
2018-10-06,29.4,33.7,26.0,0.0
2018-10-07,29.7,34.3,26.1,0.0
2018-10-08,29.2,32.5,26.9,1.5
2018-10-09,28.6,31.4,26.7,0.7
2018-10-10,28.5,31.3,26.1,0.0
2018-10-11,28.5,31.0,25.7,0.0
2018-10-12,28.6,31.9,25.8,0.0
2018-10-13,29.2,33.9,24.8,0.0
2018-10-14,28.4,32.7,24.0,0.0
2018-10-15,28.6,33.6,24.3,0.0
2018-10-16,28.6,33.2,23.8,0.0
2018-10-17,27.5,30.4,25.0,7.1
2018-10-18,27.7,30.2,25.6,0.0
2018-10-19,28.6,32.5,25.5,0.0
2018-10-20,29.0,33.0,25.6,0.0
2018-10-21,28.6,31.5,25.6,0.0
2018-10-22,28.9,32.8,24.3,0.0
2018-10-23,28.3,34.2,22.5,0.0
2018-10-24,28.2,33.2,22.1,0.0
2018-10-25,28.4,33.0,23.9,0.0
2018-10-26,29.2,34.2,25.0,0.0
2018-10-27,28.2,33.8,23.4,0.0
2018-10-28,29.0,35.5,23.5,0.0
2018-10-29,28.3,34.8,23.1,0.0
2018-10-30,27.4,34.1,22.9,0.0
2018-10-31,27.5,32.6,22.3,0.0
2018-11-01,27.8,33.1,22.7,0.0
2018-11-02,28.5,34.7,23.6,0.0
2018-11-03,28.7,33.5,24.5,0.0
2018-11-04,29.0,33.1,25.8,0.1
2018-11-05,28.8,33.6,26.1,0.4
2018-11-06,29.8,33.7,26.6,0.0
2018-11-07,28.4,33.6,22.1,0.0
2018-11-08,27.3,32.5,20.9,0.0
2018-11-09,28.0,33.0,24.1,0.0
2018-11-10,27.7,33.8,22.4,0.0
2018-11-11,27.3,33.1,22.5,0.0
2018-11-12,26.4,32.2,20.7,0.0
2018-11-13,26.1,31.4,21.7,0.0
2018-11-14,25.4,29.9,20.9,0.0
2018-11-15,26.7,32.6,21.6,0.0
2018-11-16,27.1,34.2,21.6,0.0
2018-11-17,26.4,32.7,20.1,0.0
2018-11-18,26.7,31.9,22.1,0.0
2018-11-19,27.0,31.7,22.8,0.0
2018-11-20,27.3,31.7,24.1,0.0
2018-11-21,28.0,32.8,23.6,0.0
2018-11-22,28.3,33.8,23.8,0.0
2018-11-23,27.9,34.5,23.4,0.0
2018-11-24,27.4,33.9,22.4,0.0
2018-11-25,26.3,31.9,21.8,0.0
2018-11-26,26.7,33.2,21.3,0.0
2018-11-27,26.6,33.6,21.3,0.0
2018-11-28,26.0,33.1,20.0,0.0
2018-11-29,25.8,32.6,19.2,0.0
2018-11-30,25.6,32.8,19.4,0.0
2018-12-01,25.1,32.5,19.1,0.0
2018-12-02,25.0,31.6,19.9,0.0
2018-12-03,25.0,30.6,19.8,0.0
2018-12-04,26.1,32.4,21.1,0.0
2018-12-05,25.5,31.4,21.1,0.0
2018-12-06,25.4,30.8,20.2,0.0
2018-12-07,25.4,30.2,21.3,0.0
2018-12-08,24.8,30.4,20.1,0.0
2018-12-09,23.6,30.0,18.5,0.0
2018-12-10,23.0,29.0,17.8,0.0
2018-12-11,23.9,29.6,18.2,0.0
2018-12-12,23.8,28.3,20.2,0.0
2018-12-13,24.6,29.7,20.5,0.0
2018-12-14,25.8,31.6,21.3,0.0
2018-12-15,26.0,31.9,22.5,0.0
2018-12-16,25.0,31.4,19.8,0.0
2018-12-17,23.0,28.5,19.3,0.0
2018-12-18,23.2,29.6,17.6,0.0
2018-12-19,22.1,28.6,16.3,0.0
2018-12-20,22.3,29.4,16.1,0.0
2018-12-21,23.4,30.3,17.3,0.0
2018-12-22,23.1,29.9,17.0,0.0
2018-12-23,24.0,30.0,18.4,0.0
2018-12-24,24.2,29.5,19.2,0.0
2018-12-25,24.0,29.4,19.8,0.0
2018-12-26,22.6,27.9,18.5,0.0
2018-12-27,21.8,29.0,17.1,0.0
2018-12-28,21.5,29.3,16.5,0.0
2018-12-29,21.9,29.7,15.8,0.0
2018-12-30,22.0,30.6,15.4,0.0
2018-12-31,22.2,30.5,15.4,0.0
2019-01-01,21.9,29.8,14.9,0.0
2019-01-02,22.3,30.1,16.2,0.0
2019-01-03,21.6,29.4,15.0,0.0
2019-01-04,22.2,30.0,15.4,0.0
2019-01-05,21.8,28.4,16.0,0.0
2019-01-06,22.8,29.9,16.9,0.0
2019-01-07,22.7,30.5,17.3,0.0
2019-01-08,21.9,29.9,15.6,0.0
2019-01-09,21.0,28.0,14.4,0.0
2019-01-10,21.8,28.8,14.7,0.0
2019-01-11,21.7,28.6,15.4,0.0
2019-01-12,20.9,27.2,16.0,0.0
2019-01-13,22.0,29.4,16.0,0.0
2019-01-14,23.3,29.7,16.6,0.0
2019-01-15,23.9,31.5,18.9,0.0
2019-01-16,23.2,30.4,17.5,0.0
2019-01-17,22.9,29.5,17.3,0.0
2019-01-18,22.7,29.2,16.5,0.0
2019-01-19,23.6,31.0,16.8,0.0
2019-01-20,23.9,31.0,17.6,0.0
2019-01-21,23.0,27.8,18.3,0.0
2019-01-22,22.4,26.4,19.5,0.2
2019-01-23,21.5,25.8,17.2,0.0
2019-01-24,21.6,26.4,17.7,0.0
2019-01-25,21.1,25.6,17.3,0.0
2019-01-26,21.6,27.2,16.8,0.0
2019-01-27,22.8,28.9,19.0,0.0
2019-01-28,22.6,28.4,18.4,0.0
2019-01-29,22.1,29.4,15.8,0.0
2019-01-30,22.0,29.8,16.2,0.0
2019-01-31,21.9,28.2,17.2,0.0
2019-02-01,22.3,28.3,16.9,0.0
2019-02-02,21.9,27.3,17.8,0.0
2019-02-03,22.7,28.8,17.8,0.0
2019-02-04,24.1,30.5,18.9,0.0
2019-02-05,23.6,28.9,19.6,0.0
2019-02-06,22.8,26.9,19.2,0.0
2019-02-07,21.1,25.0,16.0,0.0
2019-02-08,19.3,23.1,15.1,0.0
2019-02-09,20.2,27.5,14.5,0.0
2019-02-10,21.5,28.7,13.0,0.0
2019-02-11,23.3,30.8,15.3,0.0
2019-02-12,26.2,32.3,20.4,0.0
2019-02-13,24.6,29.2,21.0,0.0
2019-02-14,24.1,28.9,20.6,0.0
2019-02-15,22.3,27.7,16.6,0.0
2019-02-16,21.9,27.5,16.9,0.0
2019-02-17,21.8,27.2,17.1,0.0
2019-02-18,22.7,28.7,17.5,0.0
2019-02-19,23.3,28.7,17.2,0.0
2019-02-20,23.9,30.0,18.4,0.0
2019-02-21,24.0,29.3,19.9,0.0
2019-02-22,25.4,29.5,21.3,0.0
2019-02-23,26.0,32.5,21.1,0.0
2019-02-24,25.1,29.9,20.4,0.0
2019-02-25,24.3,29.5,19.2,0.0
2019-02-26,24.2,30.7,18.9,0.0
2019-02-27,22.9,27.3,18.4,0.0
2019-02-28,23.7,29.2,19.2,0.0
2019-03-01,23.5,28.6,17.2,0.0
2019-03-02,24.2,28.5,19.6,0.0
2019-03-03,23.8,27.4,20.3,0.0
2019-03-04,23.6,27.9,20.7,0.0
2019-03-05,23.7,27.2,19.8,0.0
2019-03-06,22.9,27.2,19.5,0.0
2019-03-07,23.3,28.6,19.5,0.0
2019-03-08,24.7,29.4,20.8,0.0
2019-03-09,25.8,30.4,20.8,0.0
2019-03-10,25.2,30.4,20.4,0.0
2019-03-11,24.3,28.2,21.1,0.0
2019-03-12,24.2,28.4,21.0,0.0
2019-03-13,23.8,28.1,20.3,0.0
2019-03-14,24.4,28.8,21.1,0.0
2019-03-15,25.9,33.3,20.5,0.0
2019-03-16,25.0,30.8,19.7,0.0
2019-03-17,24.6,29.9,19.5,0.0
2019-03-18,25.4,31.4,18.9,0.0
2019-03-19,25.4,31.7,19.1,0.0
2019-03-20,24.8,29.3,20.3,0.0
2019-03-21,24.4,29.1,20.3,0.0
2019-03-22,24.7,29.2,20.3,0.0
2019-03-23,27.1,31.8,21.7,0.0
2019-03-24,28.9,35.2,23.4,0.0
2019-03-25,29.1,35.1,22.6,0.0
2019-03-26,28.6,36.2,22.0,0.0
2019-03-27,26.4,32.2,20.7,0.0
2019-03-28,26.5,31.5,21.7,0.0
2019-03-29,27.4,32.2,23.7,0.0
2019-03-30,27.0,30.8,23.8,0.0
2019-03-31,27.3,31.1,24.1,0.0
2019-04-01,26.2,30.5,22.5,0.0
2019-04-02,26.0,30.0,23.1,0.0
2019-04-03,27.0,31.8,22.9,0.0
2019-04-04,27.4,31.3,23.5,0.0
2019-04-05,27.1,30.8,23.9,0.0
2019-04-06,27.0,31.3,23.4,0.0
2019-04-07,27.1,31.6,23.7,0.0
2019-04-08,27.3,31.4,22.9,0.0
2019-04-09,27.1,31.0,23.6,0.0
2019-04-10,27.4,31.3,24.2,0.0
2019-04-11,27.6,31.4,24.0,0.0
2019-04-12,27.9,32.2,23.4,0.0
2019-04-13,28.8,33.9,23.5,0.0
2019-04-14,29.2,34.4,24.4,0.0
2019-04-15,29.2,35.4,25.7,0.0
2019-04-16,28.5,31.5,26.0,0.0
2019-04-17,27.2,30.7,23.1,0.2
2019-04-18,27.2,31.1,22.9,0.0
2019-04-19,27.8,33.7,22.4,0.0
2019-04-20,27.7,32.2,23.0,0.0
2019-04-21,27.4,31.8,23.1,0.0
2019-04-22,27.8,32.0,23.5,0.0
2019-04-23,27.9,32.6,23.9,0.0
2019-04-24,28.4,32.2,24.8,0.0
2019-04-25,28.7,32.6,24.8,0.0
2019-04-26,29.4,33.8,25.9,0.0
2019-04-27,30.7,35.3,27.1,0.0
2019-04-28,30.2,35.2,27.3,0.0
2019-04-29,29.0,31.8,26.3,0.0
2019-04-30,28.5,31.6,24.8,0.0
2019-05-01,27.9,31.1,24.3,0.0
2019-05-02,27.5,30.8,24.1,0.0
2019-05-03,28.3,30.8,25.5,0.0
2019-05-04,28.7,31.3,26.6,0.8
2019-05-05,28.3,31.4,25.7,0.0
2019-05-06,28.4,32.0,25.8,0.0
2019-05-07,28.6,31.4,26.0,0.0
2019-05-08,28.7,31.6,26.3,0.1
2019-05-09,28.5,31.4,26.1,0.0
2019-05-10,28.6,31.7,25.1,0.0
2019-05-11,28.4,31.8,25.7,0.0
2019-05-12,28.6,31.5,25.9,0.0
2019-05-13,28.8,31.8,25.5,0.0
2019-05-14,28.5,31.9,24.7,0.0
2019-05-15,28.6,32.7,25.0,0.0
2019-05-16,28.3,32.2,25.3,0.0
2019-05-17,28.6,32.4,25.1,0.0
2019-05-18,29.2,33.0,25.6,0.0
2019-05-19,29.2,33.4,25.8,0.0
2019-05-20,29.3,33.3,25.8,0.0
2019-05-21,29.7,33.6,26.2,0.0
2019-05-22,29.3,32.5,26.8,0.0
2019-05-23,29.5,32.5,27.1,0.0
2019-05-24,29.6,33.0,27.3,0.0
2019-05-25,29.4,32.5,26.0,0.0
2019-05-26,29.6,32.4,27.3,0.0
2019-05-27,29.8,33.0,27.2,0.0
2019-05-28,29.5,32.7,26.7,0.0
2019-05-29,29.5,32.4,27.0,0.0
2019-05-30,29.6,32.6,27.2,0.0
2019-05-31,29.9,32.4,28.0,0.0
2019-06-01,30.3,32.8,28.3,0.1
2019-06-02,30.4,32.8,28.7,0.0
2019-06-03,30.2,32.7,28.2,0.0
2019-06-04,30.0,32.5,28.1,0.7
2019-06-05,30.2,32.7,28.5,0.3
2019-06-06,30.3,33.1,28.0,0.0
2019-06-07,30.5,32.9,28.6,0.3
2019-06-08,30.7,33.7,28.5,0.1
2019-06-09,30.7,33.2,28.8,0.3
2019-06-10,30.0,32.0,28.1,1.1
2019-06-11,30.0,33.8,28.0,2.7
2019-06-12,27.5,30.2,26.6,19.9
2019-06-13,27.1,29.1,26.0,14.3
2019-06-14,27.0,29.2,26.0,10.6
2019-06-15,27.3,28.8,26.3,12.1
2019-06-16,27.5,29.3,26.2,4.6
2019-06-17,27.3,29.0,25.7,5.0
2019-06-18,27.2,29.0,26.1,9.4
2019-06-19,27.7,29.5,26.3,7.3
2019-06-20,28.4,30.3,26.8,1.1
2019-06-21,28.1,29.5,26.8,1.7
2019-06-22,28.6,30.1,26.9,1.1
2019-06-23,28.4,29.6,27.3,2.9
2019-06-24,27.6,28.7,26.2,10.5
2019-06-25,28.1,29.7,26.3,9.6
2019-06-26,27.7,29.7,26.0,13.8
2019-06-27,27.1,28.8,26.1,36.4
2019-06-28,26.7,28.7,25.9,89.9
2019-06-29,26.4,27.6,25.8,45.0
2019-06-30,26.3,26.9,25.8,35.2
2019-07-01,26.0,26.8,25.4,39.7
2019-07-02,26.5,28.2,25.6,18.4
2019-07-03,26.6,27.4,25.9,15.4
2019-07-04,26.8,27.7,25.8,20.3
2019-07-05,26.5,27.8,25.9,18.2
2019-07-06,26.2,27.2,25.5,23.2
2019-07-07,26.6,27.7,25.7,16.5
2019-07-08,26.7,28.0,25.8,15.1
2019-07-09,26.6,27.7,25.6,14.4
2019-07-10,26.4,27.5,25.5,33.9
2019-07-11,26.4,27.3,25.6,15.2
2019-07-12,26.4,27.5,25.3,5.2
2019-07-13,26.6,27.9,25.6,5.0
2019-07-14,26.9,28.3,25.8,5.8
2019-07-15,27.2,29.3,25.6,4.8
2019-07-16,26.6,28.1,25.5,6.1
2019-07-17,26.8,28.2,25.6,7.6
2019-07-18,27.1,28.4,25.7,3.9
2019-07-19,27.5,29.0,26.0,3.1
2019-07-20,27.5,28.8,26.5,22.5
2019-07-21,27.0,29.1,25.7,83.2
2019-07-22,27.7,29.6,26.0,6.5
2019-07-23,27.3,28.8,26.0,106.6
2019-07-24,26.6,27.2,26.0,103.6
2019-07-25,26.5,27.7,25.8,25.3
2019-07-26,26.3,27.5,25.6,32.2
2019-07-27,26.2,27.2,25.6,32.6
2019-07-28,26.4,27.4,25.4,15.1
2019-07-29,25.9,26.3,25.5,41.6
2019-07-30,25.9,26.5,25.5,57.8
2019-07-31,26.1,27.1,25.4,31.1
2019-08-01,26.4,27.6,25.3,15.8
2019-08-02,26.3,28.1,25.5,45.5
2019-08-03,25.8,26.1,25.5,105.8
2019-08-04,26.0,26.4,25.6,75.9
2019-08-05,25.9,26.3,25.5,63.3
2019-08-06,26.2,27.0,25.8,32.0
2019-08-07,26.8,28.0,25.9,15.6
2019-08-08,26.7,27.6,26.1,14.4
2019-08-09,26.9,27.8,26.1,10.5
2019-08-10,26.8,28.1,25.7,10.3
2019-08-11,26.4,28.1,25.4,13.8
2019-08-12,26.7,28.4,25.5,4.2
2019-08-13,26.8,28.4,25.8,4.7
2019-08-14,26.5,27.9,25.3,8.8
2019-08-15,26.4,27.5,25.4,12.6
2019-08-16,26.7,28.4,25.5,5.3
2019-08-17,27.0,28.3,25.7,3.1
2019-08-18,26.8,28.7,25.5,2.8
2019-08-19,26.7,28.0,25.5,3.0
2019-08-20,27.0,28.6,25.6,2.9
2019-08-21,26.4,27.5,25.3,4.9
2019-08-22,26.1,27.4,24.7,6.2
2019-08-23,26.2,27.7,24.7,6.4
2019-08-24,26.1,27.6,24.9,5.8
2019-08-25,26.2,27.5,24.8,3.8
2019-08-26,26.4,28.0,24.8,3.9
2019-08-27,26.0,27.2,25.1,6.7
2019-08-28,26.4,27.6,25.2,3.5
2019-08-29,26.8,28.2,25.5,4.1
2019-08-30,26.7,28.1,25.6,16.6
2019-08-31,26.4,27.4,25.4,28.2
2019-09-01,26.9,27.6,26.1,8.0
2019-09-02,26.5,27.8,25.4,16.8
2019-09-03,26.1,27.2,25.3,43.9
2019-09-04,25.9,26.4,25.3,75.2
2019-09-05,26.3,27.3,25.7,42.9
2019-09-06,26.2,27.2,25.6,46.6
2019-09-07,26.5,27.5,25.9,44.0
2019-09-08,26.3,27.1,25.7,37.9
2019-09-09,26.7,28.1,25.8,21.2
2019-09-10,26.4,27.6,25.4,15.7
2019-09-11,26.6,27.7,25.6,5.5
2019-09-12,25.8,26.8,25.2,21.2
2019-09-13,25.6,26.8,24.8,33.1
2019-09-14,26.2,27.4,25.1,12.9
2019-09-15,26.1,27.2,25.1,8.3
2019-09-16,26.5,27.6,25.6,4.8
2019-09-17,26.8,28.3,25.6,3.4
2019-09-18,26.5,28.3,24.5,32.7
2019-09-19,26.2,28.6,24.9,22.4
2019-09-20,26.4,28.1,25.3,17.1
2019-09-21,26.7,28.2,25.4,2.0
2019-09-22,27.0,28.5,25.6,1.3
2019-09-23,27.1,28.9,25.4,0.7
2019-09-24,27.2,29.0,25.2,18.5
2019-09-25,26.6,29.1,25.0,12.5
2019-09-26,26.4,28.4,25.1,29.1
2019-09-27,26.1,27.6,25.0,11.1
2019-09-28,26.5,28.2,25.2,4.7
2019-09-29,26.8,28.6,25.3,3.8
2019-09-30,26.5,28.1,25.5,6.4
2019-10-01,27.0,28.6,25.4,2.0
2019-10-02,26.7,28.9,24.6,0.5
2019-10-03,27.2,29.4,25.2,0.9
2019-10-04,26.9,29.5,24.7,3.0
2019-10-05,27.0,30.3,24.2,4.3
2019-10-06,27.5,29.8,25.4,3.1
2019-10-07,27.6,29.9,25.6,4.2
2019-10-08,28.1,31.0,25.9,4.0
2019-10-09,28.0,31.0,25.8,1.7
2019-10-10,28.7,31.5,25.7,0.0
2019-10-11,28.0,30.7,25.6,4.3
2019-10-12,27.5,30.7,25.2,6.7
2019-10-13,28.1,31.3,25.6,4.1
2019-10-14,28.9,33.0,25.6,0.0
2019-10-15,28.7,33.6,25.0,0.0
2019-10-16,28.3,33.1,24.8,0.0
2019-10-17,28.3,33.3,24.4,0.0
2019-10-18,28.1,31.5,25.1,1.7
2019-10-19,25.6,26.5,24.9,21.3
2019-10-20,25.1,26.0,24.2,33.4
2019-10-21,26.4,30.2,24.0,23.3
2019-10-22,25.9,28.6,24.0,26.3
2019-10-23,25.3,27.2,24.4,81.5
2019-10-24,26.5,29.0,24.6,12.5
2019-10-25,26.3,28.0,24.8,12.5
2019-10-26,25.3,26.8,23.5,9.1
2019-10-27,26.6,29.8,23.9,0.2
2019-10-28,26.3,29.5,23.9,5.2
2019-10-29,27.3,30.6,24.7,0.0
2019-10-30,28.1,31.5,25.5,0.4
2019-10-31,28.3,32.1,25.6,3.3
